File Path,CPU Usage
/nfs/share/home/tongliu/script-eval/build/VexiiRiscv_332_100/VexiiRiscv_332_100_build/log/chipfinish.log,2945
/nfs/share/home/tongliu/script-eval/build/VexiiRiscv_332_100/VexiiRiscv_332_100_build/log/route.log,17508
/nfs/share/home/tongliu/script-eval/build/VexiiRiscv_332_100/VexiiRiscv_332_100_build/log/placement.log,10601
/nfs/share/home/tongliu/script-eval/build/VexiiRiscv_332_100/VexiiRiscv_332_100_build/log/cts.log,11313
/nfs/share/home/tongliu/script-eval/build/VexiiRiscv_332_100/VexiiRiscv_332_100_build/log/read_rtl.log,72
/nfs/share/home/tongliu/script-eval/build/VexiiRiscv_332_100/VexiiRiscv_332_100_build/log/floorplan.log,2276
/nfs/share/home/tongliu/script-eval/build/VexiiRiscv_132_100/VexiiRiscv_132_100_build/log/chipfinish.log,1898
/nfs/share/home/tongliu/script-eval/build/VexiiRiscv_132_100/VexiiRiscv_132_100_build/log/route.log,13212
/nfs/share/home/tongliu/script-eval/build/VexiiRiscv_132_100/VexiiRiscv_132_100_build/log/placement.log,8279
/nfs/share/home/tongliu/script-eval/build/VexiiRiscv_132_100/VexiiRiscv_132_100_build/log/cts.log,9545
/nfs/share/home/tongliu/script-eval/build/VexiiRiscv_132_100/VexiiRiscv_132_100_build/log/read_rtl.log,115
/nfs/share/home/tongliu/script-eval/build/VexiiRiscv_132_100/VexiiRiscv_132_100_build/log/floorplan.log,1893
/nfs/share/home/tongliu/script-eval/build/VexiiRiscv_302_100/VexiiRiscv_302_100_build/log/chipfinish.log,1018
/nfs/share/home/tongliu/script-eval/build/VexiiRiscv_302_100/VexiiRiscv_302_100_build/log/route.log,6375
/nfs/share/home/tongliu/script-eval/build/VexiiRiscv_302_100/VexiiRiscv_302_100_build/log/placement.log,4940
/nfs/share/home/tongliu/script-eval/build/VexiiRiscv_302_100/VexiiRiscv_302_100_build/log/cts.log,5589
/nfs/share/home/tongliu/script-eval/build/VexiiRiscv_302_100/VexiiRiscv_302_100_build/log/read_rtl.log,28
/nfs/share/home/tongliu/script-eval/build/VexiiRiscv_302_100/VexiiRiscv_302_100_build/log/floorplan.log,1089
/nfs/share/home/tongliu/script-eval/build/VexiiRiscv_115_100/VexiiRiscv_115_100_build/log/chipfinish.log,926
/nfs/share/home/tongliu/script-eval/build/VexiiRiscv_115_100/VexiiRiscv_115_100_build/log/route.log,6519
/nfs/share/home/tongliu/script-eval/build/VexiiRiscv_115_100/VexiiRiscv_115_100_build/log/placement.log,4736
/nfs/share/home/tongliu/script-eval/build/VexiiRiscv_115_100/VexiiRiscv_115_100_build/log/cts.log,4922
/nfs/share/home/tongliu/script-eval/build/VexiiRiscv_115_100/VexiiRiscv_115_100_build/log/read_rtl.log,24
/nfs/share/home/tongliu/script-eval/build/VexiiRiscv_115_100/VexiiRiscv_115_100_build/log/floorplan.log,1026
/nfs/share/home/tongliu/script-eval/build/VexiiRiscv_202_100/VexiiRiscv_202_100_build/log/chipfinish.log,2424
/nfs/share/home/tongliu/script-eval/build/VexiiRiscv_202_100/VexiiRiscv_202_100_build/log/route.log,16575
/nfs/share/home/tongliu/script-eval/build/VexiiRiscv_202_100/VexiiRiscv_202_100_build/log/placement.log,9422
/nfs/share/home/tongliu/script-eval/build/VexiiRiscv_202_100/VexiiRiscv_202_100_build/log/cts.log,9784
/nfs/share/home/tongliu/script-eval/build/VexiiRiscv_202_100/VexiiRiscv_202_100_build/log/read_rtl.log,43
/nfs/share/home/tongliu/script-eval/build/VexiiRiscv_202_100/VexiiRiscv_202_100_build/log/floorplan.log,2289
/nfs/share/home/tongliu/script-eval/build/VexiiRiscv_41_100/VexiiRiscv_41_100_build/log/chipfinish.log,2335
/nfs/share/home/tongliu/script-eval/build/VexiiRiscv_41_100/VexiiRiscv_41_100_build/log/route.log,15993
/nfs/share/home/tongliu/script-eval/build/VexiiRiscv_41_100/VexiiRiscv_41_100_build/log/placement.log,10583
/nfs/share/home/tongliu/script-eval/build/VexiiRiscv_41_100/VexiiRiscv_41_100_build/log/cts.log,12143
/nfs/share/home/tongliu/script-eval/build/VexiiRiscv_41_100/VexiiRiscv_41_100_build/log/read_rtl.log,116
/nfs/share/home/tongliu/script-eval/build/VexiiRiscv_41_100/VexiiRiscv_41_100_build/log/floorplan.log,2577
/nfs/share/home/tongliu/script-eval/build/VexiiRiscv_79_100/VexiiRiscv_79_100_build/log/chipfinish.log,4414
/nfs/share/home/tongliu/script-eval/build/VexiiRiscv_79_100/VexiiRiscv_79_100_build/log/route.log,29752
/nfs/share/home/tongliu/script-eval/build/VexiiRiscv_79_100/VexiiRiscv_79_100_build/log/placement.log,17761
/nfs/share/home/tongliu/script-eval/build/VexiiRiscv_79_100/VexiiRiscv_79_100_build/log/cts.log,24441
/nfs/share/home/tongliu/script-eval/build/VexiiRiscv_79_100/VexiiRiscv_79_100_build/log/read_rtl.log,51
/nfs/share/home/tongliu/script-eval/build/VexiiRiscv_79_100/VexiiRiscv_79_100_build/log/floorplan.log,3561
/nfs/share/home/tongliu/script-eval/build/VexiiRiscv_175_100/VexiiRiscv_175_100_build/log/chipfinish.log,3227
/nfs/share/home/tongliu/script-eval/build/VexiiRiscv_175_100/VexiiRiscv_175_100_build/log/route.log,21995
/nfs/share/home/tongliu/script-eval/build/VexiiRiscv_175_100/VexiiRiscv_175_100_build/log/placement.log,13202
/nfs/share/home/tongliu/script-eval/build/VexiiRiscv_175_100/VexiiRiscv_175_100_build/log/cts.log,15607
/nfs/share/home/tongliu/script-eval/build/VexiiRiscv_175_100/VexiiRiscv_175_100_build/log/read_rtl.log,130
/nfs/share/home/tongliu/script-eval/build/VexiiRiscv_175_100/VexiiRiscv_175_100_build/log/floorplan.log,2871
/nfs/share/home/tongliu/script-eval/build/VexiiRiscv_271_100/VexiiRiscv_271_100_build/log/chipfinish.log,1268
/nfs/share/home/tongliu/script-eval/build/VexiiRiscv_271_100/VexiiRiscv_271_100_build/log/route.log,7633
/nfs/share/home/tongliu/script-eval/build/VexiiRiscv_271_100/VexiiRiscv_271_100_build/log/placement.log,5830
/nfs/share/home/tongliu/script-eval/build/VexiiRiscv_271_100/VexiiRiscv_271_100_build/log/cts.log,5529
/nfs/share/home/tongliu/script-eval/build/VexiiRiscv_271_100/VexiiRiscv_271_100_build/log/read_rtl.log,25
/nfs/share/home/tongliu/script-eval/build/VexiiRiscv_271_100/VexiiRiscv_271_100_build/log/floorplan.log,1345
/nfs/share/home/tongliu/script-eval/build/VexiiRiscv_42_100/VexiiRiscv_42_100_build/log/chipfinish.log,4312
/nfs/share/home/tongliu/script-eval/build/VexiiRiscv_42_100/VexiiRiscv_42_100_build/log/route.log,74221
/nfs/share/home/tongliu/script-eval/build/VexiiRiscv_42_100/VexiiRiscv_42_100_build/log/placement.log,14890
/nfs/share/home/tongliu/script-eval/build/VexiiRiscv_42_100/VexiiRiscv_42_100_build/log/cts.log,40816
/nfs/share/home/tongliu/script-eval/build/VexiiRiscv_42_100/VexiiRiscv_42_100_build/log/read_rtl.log,245
/nfs/share/home/tongliu/script-eval/build/VexiiRiscv_42_100/VexiiRiscv_42_100_build/log/floorplan.log,3591
/nfs/share/home/tongliu/script-eval/build/VexiiRiscv_258_100/VexiiRiscv_258_100_build/log/chipfinish.log,580
/nfs/share/home/tongliu/script-eval/build/VexiiRiscv_258_100/VexiiRiscv_258_100_build/log/route.log,3639
/nfs/share/home/tongliu/script-eval/build/VexiiRiscv_258_100/VexiiRiscv_258_100_build/log/placement.log,3051
/nfs/share/home/tongliu/script-eval/build/VexiiRiscv_258_100/VexiiRiscv_258_100_build/log/cts.log,2847
/nfs/share/home/tongliu/script-eval/build/VexiiRiscv_258_100/VexiiRiscv_258_100_build/log/read_rtl.log,22
/nfs/share/home/tongliu/script-eval/build/VexiiRiscv_258_100/VexiiRiscv_258_100_build/log/floorplan.log,678
/nfs/share/home/tongliu/script-eval/build/VexiiRiscv_207_100/VexiiRiscv_207_100_build/log/chipfinish.log,664
/nfs/share/home/tongliu/script-eval/build/VexiiRiscv_207_100/VexiiRiscv_207_100_build/log/route.log,3712
/nfs/share/home/tongliu/script-eval/build/VexiiRiscv_207_100/VexiiRiscv_207_100_build/log/placement.log,3786
/nfs/share/home/tongliu/script-eval/build/VexiiRiscv_207_100/VexiiRiscv_207_100_build/log/cts.log,3550
/nfs/share/home/tongliu/script-eval/build/VexiiRiscv_207_100/VexiiRiscv_207_100_build/log/read_rtl.log,20
/nfs/share/home/tongliu/script-eval/build/VexiiRiscv_207_100/VexiiRiscv_207_100_build/log/floorplan.log,762
/nfs/share/home/tongliu/script-eval/build/VexiiRiscv_85_100/VexiiRiscv_85_100_build/log/chipfinish.log,690
/nfs/share/home/tongliu/script-eval/build/VexiiRiscv_85_100/VexiiRiscv_85_100_build/log/route.log,4388
/nfs/share/home/tongliu/script-eval/build/VexiiRiscv_85_100/VexiiRiscv_85_100_build/log/placement.log,3977
/nfs/share/home/tongliu/script-eval/build/VexiiRiscv_85_100/VexiiRiscv_85_100_build/log/cts.log,3892
/nfs/share/home/tongliu/script-eval/build/VexiiRiscv_85_100/VexiiRiscv_85_100_build/log/read_rtl.log,24
/nfs/share/home/tongliu/script-eval/build/VexiiRiscv_85_100/VexiiRiscv_85_100_build/log/floorplan.log,881
/nfs/share/home/tongliu/script-eval/build/VexiiRiscv_131_100/VexiiRiscv_131_100_build/log/chipfinish.log,678
/nfs/share/home/tongliu/script-eval/build/VexiiRiscv_131_100/VexiiRiscv_131_100_build/log/route.log,3666
/nfs/share/home/tongliu/script-eval/build/VexiiRiscv_131_100/VexiiRiscv_131_100_build/log/placement.log,3402
/nfs/share/home/tongliu/script-eval/build/VexiiRiscv_131_100/VexiiRiscv_131_100_build/log/cts.log,3069
/nfs/share/home/tongliu/script-eval/build/VexiiRiscv_131_100/VexiiRiscv_131_100_build/log/read_rtl.log,22
/nfs/share/home/tongliu/script-eval/build/VexiiRiscv_131_100/VexiiRiscv_131_100_build/log/floorplan.log,767
/nfs/share/home/tongliu/script-eval/build/VexiiRiscv_129_100/VexiiRiscv_129_100_build/log/chipfinish.log,1541
/nfs/share/home/tongliu/script-eval/build/VexiiRiscv_129_100/VexiiRiscv_129_100_build/log/route.log,9603
/nfs/share/home/tongliu/script-eval/build/VexiiRiscv_129_100/VexiiRiscv_129_100_build/log/placement.log,7331
/nfs/share/home/tongliu/script-eval/build/VexiiRiscv_129_100/VexiiRiscv_129_100_build/log/cts.log,7794
/nfs/share/home/tongliu/script-eval/build/VexiiRiscv_129_100/VexiiRiscv_129_100_build/log/read_rtl.log,28
/nfs/share/home/tongliu/script-eval/build/VexiiRiscv_129_100/VexiiRiscv_129_100_build/log/floorplan.log,1576
/nfs/share/home/tongliu/script-eval/build/VexiiRiscv_317_100/VexiiRiscv_317_100_build/log/chipfinish.log,1643
/nfs/share/home/tongliu/script-eval/build/VexiiRiscv_317_100/VexiiRiscv_317_100_build/log/route.log,10114
/nfs/share/home/tongliu/script-eval/build/VexiiRiscv_317_100/VexiiRiscv_317_100_build/log/placement.log,6744
/nfs/share/home/tongliu/script-eval/build/VexiiRiscv_317_100/VexiiRiscv_317_100_build/log/cts.log,8254
/nfs/share/home/tongliu/script-eval/build/VexiiRiscv_317_100/VexiiRiscv_317_100_build/log/read_rtl.log,95
/nfs/share/home/tongliu/script-eval/build/VexiiRiscv_317_100/VexiiRiscv_317_100_build/log/floorplan.log,1872
/nfs/share/home/tongliu/script-eval/build/VexiiRiscv_69_100/VexiiRiscv_69_100_build/log/chipfinish.log,9569
/nfs/share/home/tongliu/script-eval/build/VexiiRiscv_69_100/VexiiRiscv_69_100_build/log/route.log,57515
/nfs/share/home/tongliu/script-eval/build/VexiiRiscv_69_100/VexiiRiscv_69_100_build/log/placement.log,31536
/nfs/share/home/tongliu/script-eval/build/VexiiRiscv_69_100/VexiiRiscv_69_100_build/log/cts.log,33101
/nfs/share/home/tongliu/script-eval/build/VexiiRiscv_69_100/VexiiRiscv_69_100_build/log/read_rtl.log,288
/nfs/share/home/tongliu/script-eval/build/VexiiRiscv_69_100/VexiiRiscv_69_100_build/log/floorplan.log,7030
/nfs/share/home/tongliu/script-eval/build/VexiiRiscv_385_100/VexiiRiscv_385_100_build/log/chipfinish.log,1953
/nfs/share/home/tongliu/script-eval/build/VexiiRiscv_385_100/VexiiRiscv_385_100_build/log/route.log,11848
/nfs/share/home/tongliu/script-eval/build/VexiiRiscv_385_100/VexiiRiscv_385_100_build/log/placement.log,8482
/nfs/share/home/tongliu/script-eval/build/VexiiRiscv_385_100/VexiiRiscv_385_100_build/log/cts.log,8643
/nfs/share/home/tongliu/script-eval/build/VexiiRiscv_385_100/VexiiRiscv_385_100_build/log/read_rtl.log,111
/nfs/share/home/tongliu/script-eval/build/VexiiRiscv_385_100/VexiiRiscv_385_100_build/log/floorplan.log,1892
/nfs/share/home/tongliu/script-eval/build/VexiiRiscv_337_100/VexiiRiscv_337_100_build/log/chipfinish.log,4025
/nfs/share/home/tongliu/script-eval/build/VexiiRiscv_337_100/VexiiRiscv_337_100_build/log/route.log,25415
/nfs/share/home/tongliu/script-eval/build/VexiiRiscv_337_100/VexiiRiscv_337_100_build/log/placement.log,16325
/nfs/share/home/tongliu/script-eval/build/VexiiRiscv_337_100/VexiiRiscv_337_100_build/log/cts.log,18169
/nfs/share/home/tongliu/script-eval/build/VexiiRiscv_337_100/VexiiRiscv_337_100_build/log/read_rtl.log,123
/nfs/share/home/tongliu/script-eval/build/VexiiRiscv_337_100/VexiiRiscv_337_100_build/log/floorplan.log,3549
/nfs/share/home/tongliu/script-eval/build/VexiiRiscv_269_100/VexiiRiscv_269_100_build/log/chipfinish.log,2769
/nfs/share/home/tongliu/script-eval/build/VexiiRiscv_269_100/VexiiRiscv_269_100_build/log/route.log,27607
/nfs/share/home/tongliu/script-eval/build/VexiiRiscv_269_100/VexiiRiscv_269_100_build/log/placement.log,10611
/nfs/share/home/tongliu/script-eval/build/VexiiRiscv_269_100/VexiiRiscv_269_100_build/log/cts.log,15483
/nfs/share/home/tongliu/script-eval/build/VexiiRiscv_269_100/VexiiRiscv_269_100_build/log/read_rtl.log,36
/nfs/share/home/tongliu/script-eval/build/VexiiRiscv_269_100/VexiiRiscv_269_100_build/log/floorplan.log,2203
/nfs/share/home/tongliu/script-eval/build/VexiiRiscv_300_100/VexiiRiscv_300_100_build/log/chipfinish.log,2580
/nfs/share/home/tongliu/script-eval/build/VexiiRiscv_300_100/VexiiRiscv_300_100_build/log/route.log,21031
/nfs/share/home/tongliu/script-eval/build/VexiiRiscv_300_100/VexiiRiscv_300_100_build/log/placement.log,10616
/nfs/share/home/tongliu/script-eval/build/VexiiRiscv_300_100/VexiiRiscv_300_100_build/log/cts.log,23523
/nfs/share/home/tongliu/script-eval/build/VexiiRiscv_300_100/VexiiRiscv_300_100_build/log/read_rtl.log,227
/nfs/share/home/tongliu/script-eval/build/VexiiRiscv_300_100/VexiiRiscv_300_100_build/log/floorplan.log,2697
/nfs/share/home/tongliu/script-eval/build/VexiiRiscv_61_100/VexiiRiscv_61_100_build/log/chipfinish.log,2554
/nfs/share/home/tongliu/script-eval/build/VexiiRiscv_61_100/VexiiRiscv_61_100_build/log/route.log,20142
/nfs/share/home/tongliu/script-eval/build/VexiiRiscv_61_100/VexiiRiscv_61_100_build/log/placement.log,10221
/nfs/share/home/tongliu/script-eval/build/VexiiRiscv_61_100/VexiiRiscv_61_100_build/log/cts.log,21557
/nfs/share/home/tongliu/script-eval/build/VexiiRiscv_61_100/VexiiRiscv_61_100_build/log/read_rtl.log,222
/nfs/share/home/tongliu/script-eval/build/VexiiRiscv_61_100/VexiiRiscv_61_100_build/log/floorplan.log,2214
/nfs/share/home/tongliu/script-eval/build/VexiiRiscv_351_100/VexiiRiscv_351_100_build/log/chipfinish.log,10091
/nfs/share/home/tongliu/script-eval/build/VexiiRiscv_351_100/VexiiRiscv_351_100_build/log/route.log,76086
/nfs/share/home/tongliu/script-eval/build/VexiiRiscv_351_100/VexiiRiscv_351_100_build/log/placement.log,37222
/nfs/share/home/tongliu/script-eval/build/VexiiRiscv_351_100/VexiiRiscv_351_100_build/log/cts.log,42426
/nfs/share/home/tongliu/script-eval/build/VexiiRiscv_351_100/VexiiRiscv_351_100_build/log/read_rtl.log,90
/nfs/share/home/tongliu/script-eval/build/VexiiRiscv_351_100/VexiiRiscv_351_100_build/log/floorplan.log,7480
/nfs/share/home/tongliu/script-eval/build/VexiiRiscv_274_100/VexiiRiscv_274_100_build/log/chipfinish.log,1921
/nfs/share/home/tongliu/script-eval/build/VexiiRiscv_274_100/VexiiRiscv_274_100_build/log/route.log,12541
/nfs/share/home/tongliu/script-eval/build/VexiiRiscv_274_100/VexiiRiscv_274_100_build/log/placement.log,7897
/nfs/share/home/tongliu/script-eval/build/VexiiRiscv_274_100/VexiiRiscv_274_100_build/log/cts.log,50781
/nfs/share/home/tongliu/script-eval/build/VexiiRiscv_274_100/VexiiRiscv_274_100_build/log/read_rtl.log,178
/nfs/share/home/tongliu/script-eval/build/VexiiRiscv_274_100/VexiiRiscv_274_100_build/log/floorplan.log,1881
/nfs/share/home/tongliu/script-eval/build/VexiiRiscv_355_100/VexiiRiscv_355_100_build/log/chipfinish.log,2911
/nfs/share/home/tongliu/script-eval/build/VexiiRiscv_355_100/VexiiRiscv_355_100_build/log/route.log,18810
/nfs/share/home/tongliu/script-eval/build/VexiiRiscv_355_100/VexiiRiscv_355_100_build/log/placement.log,11498
/nfs/share/home/tongliu/script-eval/build/VexiiRiscv_355_100/VexiiRiscv_355_100_build/log/cts.log,11935
/nfs/share/home/tongliu/script-eval/build/VexiiRiscv_355_100/VexiiRiscv_355_100_build/log/read_rtl.log,72
/nfs/share/home/tongliu/script-eval/build/VexiiRiscv_355_100/VexiiRiscv_355_100_build/log/floorplan.log,2549
/nfs/share/home/tongliu/script-eval/build/VexiiRiscv_209_100/VexiiRiscv_209_100_build/log/chipfinish.log,2237
/nfs/share/home/tongliu/script-eval/build/VexiiRiscv_209_100/VexiiRiscv_209_100_build/log/route.log,15437
/nfs/share/home/tongliu/script-eval/build/VexiiRiscv_209_100/VexiiRiscv_209_100_build/log/placement.log,9853
/nfs/share/home/tongliu/script-eval/build/VexiiRiscv_209_100/VexiiRiscv_209_100_build/log/cts.log,10160
/nfs/share/home/tongliu/script-eval/build/VexiiRiscv_209_100/VexiiRiscv_209_100_build/log/read_rtl.log,109
/nfs/share/home/tongliu/script-eval/build/VexiiRiscv_209_100/VexiiRiscv_209_100_build/log/floorplan.log,2493
/nfs/share/home/tongliu/script-eval/build/VexiiRiscv_246_100/VexiiRiscv_246_100_build/log/chipfinish.log,3939
/nfs/share/home/tongliu/script-eval/build/VexiiRiscv_246_100/VexiiRiscv_246_100_build/log/route.log,26652
/nfs/share/home/tongliu/script-eval/build/VexiiRiscv_246_100/VexiiRiscv_246_100_build/log/placement.log,15403
/nfs/share/home/tongliu/script-eval/build/VexiiRiscv_246_100/VexiiRiscv_246_100_build/log/cts.log,15305
/nfs/share/home/tongliu/script-eval/build/VexiiRiscv_246_100/VexiiRiscv_246_100_build/log/read_rtl.log,124
/nfs/share/home/tongliu/script-eval/build/VexiiRiscv_246_100/VexiiRiscv_246_100_build/log/floorplan.log,3382
/nfs/share/home/tongliu/script-eval/build/VexiiRiscv_272_100/VexiiRiscv_272_100_build/log/placement.log,7258
/nfs/share/home/tongliu/script-eval/build/VexiiRiscv_272_100/VexiiRiscv_272_100_build/log/read_rtl.log,177
/nfs/share/home/tongliu/script-eval/build/VexiiRiscv_272_100/VexiiRiscv_272_100_build/log/floorplan.log,1770
/nfs/share/home/tongliu/script-eval/build/VexiiRiscv_135_100/VexiiRiscv_135_100_build/log/chipfinish.log,13277
/nfs/share/home/tongliu/script-eval/build/VexiiRiscv_135_100/VexiiRiscv_135_100_build/log/route.log,80113
/nfs/share/home/tongliu/script-eval/build/VexiiRiscv_135_100/VexiiRiscv_135_100_build/log/placement.log,44741
/nfs/share/home/tongliu/script-eval/build/VexiiRiscv_135_100/VexiiRiscv_135_100_build/log/cts.log,63335
/nfs/share/home/tongliu/script-eval/build/VexiiRiscv_135_100/VexiiRiscv_135_100_build/log/read_rtl.log,303
/nfs/share/home/tongliu/script-eval/build/VexiiRiscv_135_100/VexiiRiscv_135_100_build/log/floorplan.log,8926
/nfs/share/home/tongliu/script-eval/build/VexiiRiscv_370_100/VexiiRiscv_370_100_build/log/placement.log,6819
/nfs/share/home/tongliu/script-eval/build/VexiiRiscv_370_100/VexiiRiscv_370_100_build/log/read_rtl.log,197
/nfs/share/home/tongliu/script-eval/build/VexiiRiscv_370_100/VexiiRiscv_370_100_build/log/floorplan.log,1832
/nfs/share/home/tongliu/script-eval/build/VexiiRiscv_168_100/VexiiRiscv_168_100_build/log/placement.log,6108
/nfs/share/home/tongliu/script-eval/build/VexiiRiscv_168_100/VexiiRiscv_168_100_build/log/read_rtl.log,179
/nfs/share/home/tongliu/script-eval/build/VexiiRiscv_168_100/VexiiRiscv_168_100_build/log/floorplan.log,1637
/nfs/share/home/tongliu/script-eval/build/VexiiRiscv_196_100/VexiiRiscv_196_100_build/log/chipfinish.log,7791
/nfs/share/home/tongliu/script-eval/build/VexiiRiscv_196_100/VexiiRiscv_196_100_build/log/route.log,47492
/nfs/share/home/tongliu/script-eval/build/VexiiRiscv_196_100/VexiiRiscv_196_100_build/log/placement.log,26862
/nfs/share/home/tongliu/script-eval/build/VexiiRiscv_196_100/VexiiRiscv_196_100_build/log/cts.log,35807
/nfs/share/home/tongliu/script-eval/build/VexiiRiscv_196_100/VexiiRiscv_196_100_build/log/read_rtl.log,329
/nfs/share/home/tongliu/script-eval/build/VexiiRiscv_196_100/VexiiRiscv_196_100_build/log/floorplan.log,6315
/nfs/share/home/tongliu/script-eval/build/VexiiRiscv_371_100/VexiiRiscv_371_100_build/log/chipfinish.log,2070
/nfs/share/home/tongliu/script-eval/build/VexiiRiscv_371_100/VexiiRiscv_371_100_build/log/route.log,14195
/nfs/share/home/tongliu/script-eval/build/VexiiRiscv_371_100/VexiiRiscv_371_100_build/log/placement.log,9352
/nfs/share/home/tongliu/script-eval/build/VexiiRiscv_371_100/VexiiRiscv_371_100_build/log/cts.log,9442
/nfs/share/home/tongliu/script-eval/build/VexiiRiscv_371_100/VexiiRiscv_371_100_build/log/read_rtl.log,401
/nfs/share/home/tongliu/script-eval/build/VexiiRiscv_371_100/VexiiRiscv_371_100_build/log/floorplan.log,3401
/nfs/share/home/tongliu/script-eval/build/VexiiRiscv_327_100/VexiiRiscv_327_100_build/log/chipfinish.log,6379
/nfs/share/home/tongliu/script-eval/build/VexiiRiscv_327_100/VexiiRiscv_327_100_build/log/route.log,41839
/nfs/share/home/tongliu/script-eval/build/VexiiRiscv_327_100/VexiiRiscv_327_100_build/log/placement.log,21705
/nfs/share/home/tongliu/script-eval/build/VexiiRiscv_327_100/VexiiRiscv_327_100_build/log/cts.log,33461
/nfs/share/home/tongliu/script-eval/build/VexiiRiscv_327_100/VexiiRiscv_327_100_build/log/read_rtl.log,261
/nfs/share/home/tongliu/script-eval/build/VexiiRiscv_327_100/VexiiRiscv_327_100_build/log/floorplan.log,5439
/nfs/share/home/tongliu/script-eval/build/VexiiRiscv_336_100/VexiiRiscv_336_100_build/log/chipfinish.log,2255
/nfs/share/home/tongliu/script-eval/build/VexiiRiscv_336_100/VexiiRiscv_336_100_build/log/route.log,18437
/nfs/share/home/tongliu/script-eval/build/VexiiRiscv_336_100/VexiiRiscv_336_100_build/log/placement.log,8862
/nfs/share/home/tongliu/script-eval/build/VexiiRiscv_336_100/VexiiRiscv_336_100_build/log/cts.log,30536
/nfs/share/home/tongliu/script-eval/build/VexiiRiscv_336_100/VexiiRiscv_336_100_build/log/read_rtl.log,201
/nfs/share/home/tongliu/script-eval/build/VexiiRiscv_336_100/VexiiRiscv_336_100_build/log/floorplan.log,2155
/nfs/share/home/tongliu/script-eval/build/VexiiRiscv_114_100/VexiiRiscv_114_100_build/log/chipfinish.log,1776
/nfs/share/home/tongliu/script-eval/build/VexiiRiscv_114_100/VexiiRiscv_114_100_build/log/route.log,11242
/nfs/share/home/tongliu/script-eval/build/VexiiRiscv_114_100/VexiiRiscv_114_100_build/log/placement.log,8111
/nfs/share/home/tongliu/script-eval/build/VexiiRiscv_114_100/VexiiRiscv_114_100_build/log/cts.log,8096
/nfs/share/home/tongliu/script-eval/build/VexiiRiscv_114_100/VexiiRiscv_114_100_build/log/read_rtl.log,33
/nfs/share/home/tongliu/script-eval/build/VexiiRiscv_114_100/VexiiRiscv_114_100_build/log/floorplan.log,1829
/nfs/share/home/tongliu/script-eval/build/VexiiRiscv_113_100/VexiiRiscv_113_100_build/log/chipfinish.log,964
/nfs/share/home/tongliu/script-eval/build/VexiiRiscv_113_100/VexiiRiscv_113_100_build/log/route.log,6071
/nfs/share/home/tongliu/script-eval/build/VexiiRiscv_113_100/VexiiRiscv_113_100_build/log/placement.log,4701
/nfs/share/home/tongliu/script-eval/build/VexiiRiscv_113_100/VexiiRiscv_113_100_build/log/cts.log,4360
/nfs/share/home/tongliu/script-eval/build/VexiiRiscv_113_100/VexiiRiscv_113_100_build/log/read_rtl.log,23
/nfs/share/home/tongliu/script-eval/build/VexiiRiscv_113_100/VexiiRiscv_113_100_build/log/floorplan.log,1015
/nfs/share/home/tongliu/script-eval/build/VexiiRiscv_322_100/VexiiRiscv_322_100_build/log/chipfinish.log,2088
/nfs/share/home/tongliu/script-eval/build/VexiiRiscv_322_100/VexiiRiscv_322_100_build/log/route.log,12230
/nfs/share/home/tongliu/script-eval/build/VexiiRiscv_322_100/VexiiRiscv_322_100_build/log/placement.log,8866
/nfs/share/home/tongliu/script-eval/build/VexiiRiscv_322_100/VexiiRiscv_322_100_build/log/cts.log,9348
/nfs/share/home/tongliu/script-eval/build/VexiiRiscv_322_100/VexiiRiscv_322_100_build/log/read_rtl.log,107
/nfs/share/home/tongliu/script-eval/build/VexiiRiscv_322_100/VexiiRiscv_322_100_build/log/floorplan.log,2032
/nfs/share/home/tongliu/script-eval/build/VexiiRiscv_295_100/VexiiRiscv_295_100_build/log/chipfinish.log,642
/nfs/share/home/tongliu/script-eval/build/VexiiRiscv_295_100/VexiiRiscv_295_100_build/log/route.log,4338
/nfs/share/home/tongliu/script-eval/build/VexiiRiscv_295_100/VexiiRiscv_295_100_build/log/placement.log,3404
/nfs/share/home/tongliu/script-eval/build/VexiiRiscv_295_100/VexiiRiscv_295_100_build/log/cts.log,3686
/nfs/share/home/tongliu/script-eval/build/VexiiRiscv_295_100/VexiiRiscv_295_100_build/log/read_rtl.log,22
/nfs/share/home/tongliu/script-eval/build/VexiiRiscv_295_100/VexiiRiscv_295_100_build/log/floorplan.log,762
/nfs/share/home/tongliu/script-eval/build/VexiiRiscv_89_100/VexiiRiscv_89_100_build/log/chipfinish.log,2471
/nfs/share/home/tongliu/script-eval/build/VexiiRiscv_89_100/VexiiRiscv_89_100_build/log/route.log,15541
/nfs/share/home/tongliu/script-eval/build/VexiiRiscv_89_100/VexiiRiscv_89_100_build/log/placement.log,10024
/nfs/share/home/tongliu/script-eval/build/VexiiRiscv_89_100/VexiiRiscv_89_100_build/log/cts.log,11222
/nfs/share/home/tongliu/script-eval/build/VexiiRiscv_89_100/VexiiRiscv_89_100_build/log/read_rtl.log,116
/nfs/share/home/tongliu/script-eval/build/VexiiRiscv_89_100/VexiiRiscv_89_100_build/log/floorplan.log,2356
/nfs/share/home/tongliu/script-eval/build/VexiiRiscv_155_100/VexiiRiscv_155_100_build/log/chipfinish.log,3031
/nfs/share/home/tongliu/script-eval/build/VexiiRiscv_155_100/VexiiRiscv_155_100_build/log/route.log,20082
/nfs/share/home/tongliu/script-eval/build/VexiiRiscv_155_100/VexiiRiscv_155_100_build/log/placement.log,12906
/nfs/share/home/tongliu/script-eval/build/VexiiRiscv_155_100/VexiiRiscv_155_100_build/log/cts.log,13397
/nfs/share/home/tongliu/script-eval/build/VexiiRiscv_155_100/VexiiRiscv_155_100_build/log/read_rtl.log,40
/nfs/share/home/tongliu/script-eval/build/VexiiRiscv_155_100/VexiiRiscv_155_100_build/log/floorplan.log,2545
/nfs/share/home/tongliu/script-eval/build/VexiiRiscv_374_100/VexiiRiscv_374_100_build/log/chipfinish.log,5349
/nfs/share/home/tongliu/script-eval/build/VexiiRiscv_374_100/VexiiRiscv_374_100_build/log/route.log,34616
/nfs/share/home/tongliu/script-eval/build/VexiiRiscv_374_100/VexiiRiscv_374_100_build/log/placement.log,19485
/nfs/share/home/tongliu/script-eval/build/VexiiRiscv_374_100/VexiiRiscv_374_100_build/log/cts.log,25336
/nfs/share/home/tongliu/script-eval/build/VexiiRiscv_374_100/VexiiRiscv_374_100_build/log/read_rtl.log,57
/nfs/share/home/tongliu/script-eval/build/VexiiRiscv_374_100/VexiiRiscv_374_100_build/log/floorplan.log,4026
/nfs/share/home/tongliu/script-eval/build/VexiiRiscv_394_100/VexiiRiscv_394_100_build/log/placement.log,30309
/nfs/share/home/tongliu/script-eval/build/VexiiRiscv_394_100/VexiiRiscv_394_100_build/log/read_rtl.log,75
/nfs/share/home/tongliu/script-eval/build/VexiiRiscv_394_100/VexiiRiscv_394_100_build/log/floorplan.log,6965
/nfs/share/home/tongliu/script-eval/build/VexiiRiscv_205_100/VexiiRiscv_205_100_build/log/chipfinish.log,974
/nfs/share/home/tongliu/script-eval/build/VexiiRiscv_205_100/VexiiRiscv_205_100_build/log/route.log,6305
/nfs/share/home/tongliu/script-eval/build/VexiiRiscv_205_100/VexiiRiscv_205_100_build/log/placement.log,5395
/nfs/share/home/tongliu/script-eval/build/VexiiRiscv_205_100/VexiiRiscv_205_100_build/log/cts.log,5110
/nfs/share/home/tongliu/script-eval/build/VexiiRiscv_205_100/VexiiRiscv_205_100_build/log/read_rtl.log,23
/nfs/share/home/tongliu/script-eval/build/VexiiRiscv_205_100/VexiiRiscv_205_100_build/log/floorplan.log,1086
/nfs/share/home/tongliu/script-eval/build/VexiiRiscv_12_100/VexiiRiscv_12_100_build/log/chipfinish.log,7102
/nfs/share/home/tongliu/script-eval/build/VexiiRiscv_12_100/VexiiRiscv_12_100_build/log/route.log,47771
/nfs/share/home/tongliu/script-eval/build/VexiiRiscv_12_100/VexiiRiscv_12_100_build/log/placement.log,24448
/nfs/share/home/tongliu/script-eval/build/VexiiRiscv_12_100/VexiiRiscv_12_100_build/log/cts.log,29496
/nfs/share/home/tongliu/script-eval/build/VexiiRiscv_12_100/VexiiRiscv_12_100_build/log/read_rtl.log,158
/nfs/share/home/tongliu/script-eval/build/VexiiRiscv_12_100/VexiiRiscv_12_100_build/log/floorplan.log,5194
/nfs/share/home/tongliu/script-eval/build/VexiiRiscv_396_100/VexiiRiscv_396_100_build/log/placement.log,34328
/nfs/share/home/tongliu/script-eval/build/VexiiRiscv_396_100/VexiiRiscv_396_100_build/log/read_rtl.log,77
/nfs/share/home/tongliu/script-eval/build/VexiiRiscv_396_100/VexiiRiscv_396_100_build/log/floorplan.log,6739
/nfs/share/home/tongliu/script-eval/build/VexiiRiscv_218_100/VexiiRiscv_218_100_build/log/chipfinish.log,11408
/nfs/share/home/tongliu/script-eval/build/VexiiRiscv_218_100/VexiiRiscv_218_100_build/log/route.log,64618
/nfs/share/home/tongliu/script-eval/build/VexiiRiscv_218_100/VexiiRiscv_218_100_build/log/placement.log,37481
/nfs/share/home/tongliu/script-eval/build/VexiiRiscv_218_100/VexiiRiscv_218_100_build/log/cts.log,40852
/nfs/share/home/tongliu/script-eval/build/VexiiRiscv_218_100/VexiiRiscv_218_100_build/log/read_rtl.log,459
/nfs/share/home/tongliu/script-eval/build/VexiiRiscv_218_100/VexiiRiscv_218_100_build/log/floorplan.log,9591
/nfs/share/home/tongliu/script-eval/build/VexiiRiscv_198_100/VexiiRiscv_198_100_build/log/chipfinish.log,4318
/nfs/share/home/tongliu/script-eval/build/VexiiRiscv_198_100/VexiiRiscv_198_100_build/log/route.log,30374
/nfs/share/home/tongliu/script-eval/build/VexiiRiscv_198_100/VexiiRiscv_198_100_build/log/placement.log,15850
/nfs/share/home/tongliu/script-eval/build/VexiiRiscv_198_100/VexiiRiscv_198_100_build/log/cts.log,17469
/nfs/share/home/tongliu/script-eval/build/VexiiRiscv_198_100/VexiiRiscv_198_100_build/log/read_rtl.log,112
/nfs/share/home/tongliu/script-eval/build/VexiiRiscv_198_100/VexiiRiscv_198_100_build/log/floorplan.log,3327
/nfs/share/home/tongliu/script-eval/build/VexiiRiscv_43_100/VexiiRiscv_43_100_build/log/chipfinish.log,2678
/nfs/share/home/tongliu/script-eval/build/VexiiRiscv_43_100/VexiiRiscv_43_100_build/log/route.log,17772
/nfs/share/home/tongliu/script-eval/build/VexiiRiscv_43_100/VexiiRiscv_43_100_build/log/placement.log,11094
/nfs/share/home/tongliu/script-eval/build/VexiiRiscv_43_100/VexiiRiscv_43_100_build/log/cts.log,11636
/nfs/share/home/tongliu/script-eval/build/VexiiRiscv_43_100/VexiiRiscv_43_100_build/log/read_rtl.log,58
/nfs/share/home/tongliu/script-eval/build/VexiiRiscv_43_100/VexiiRiscv_43_100_build/log/floorplan.log,2276
/nfs/share/home/tongliu/script-eval/build/VexiiRiscv_140_100/VexiiRiscv_140_100_build/log/chipfinish.log,445
/nfs/share/home/tongliu/script-eval/build/VexiiRiscv_140_100/VexiiRiscv_140_100_build/log/route.log,2613
/nfs/share/home/tongliu/script-eval/build/VexiiRiscv_140_100/VexiiRiscv_140_100_build/log/placement.log,2865
/nfs/share/home/tongliu/script-eval/build/VexiiRiscv_140_100/VexiiRiscv_140_100_build/log/cts.log,2501
/nfs/share/home/tongliu/script-eval/build/VexiiRiscv_140_100/VexiiRiscv_140_100_build/log/read_rtl.log,20
/nfs/share/home/tongliu/script-eval/build/VexiiRiscv_140_100/VexiiRiscv_140_100_build/log/floorplan.log,630
/nfs/share/home/tongliu/script-eval/build/VexiiRiscv_373_100/VexiiRiscv_373_100_build/log/chipfinish.log,1008
/nfs/share/home/tongliu/script-eval/build/VexiiRiscv_373_100/VexiiRiscv_373_100_build/log/route.log,6971
/nfs/share/home/tongliu/script-eval/build/VexiiRiscv_373_100/VexiiRiscv_373_100_build/log/placement.log,5689
/nfs/share/home/tongliu/script-eval/build/VexiiRiscv_373_100/VexiiRiscv_373_100_build/log/cts.log,5628
/nfs/share/home/tongliu/script-eval/build/VexiiRiscv_373_100/VexiiRiscv_373_100_build/log/read_rtl.log,29
/nfs/share/home/tongliu/script-eval/build/VexiiRiscv_373_100/VexiiRiscv_373_100_build/log/floorplan.log,1183
/nfs/share/home/tongliu/script-eval/build/VexiiRiscv_233_100/VexiiRiscv_233_100_build/log/chipfinish.log,3450
/nfs/share/home/tongliu/script-eval/build/VexiiRiscv_233_100/VexiiRiscv_233_100_build/log/route.log,22471
/nfs/share/home/tongliu/script-eval/build/VexiiRiscv_233_100/VexiiRiscv_233_100_build/log/placement.log,13240
/nfs/share/home/tongliu/script-eval/build/VexiiRiscv_233_100/VexiiRiscv_233_100_build/log/cts.log,13016
/nfs/share/home/tongliu/script-eval/build/VexiiRiscv_233_100/VexiiRiscv_233_100_build/log/read_rtl.log,130
/nfs/share/home/tongliu/script-eval/build/VexiiRiscv_233_100/VexiiRiscv_233_100_build/log/floorplan.log,3322
/nfs/share/home/tongliu/script-eval/build/VexiiRiscv_305_100/VexiiRiscv_305_100_build/log/chipfinish.log,2753
/nfs/share/home/tongliu/script-eval/build/VexiiRiscv_305_100/VexiiRiscv_305_100_build/log/route.log,17471
/nfs/share/home/tongliu/script-eval/build/VexiiRiscv_305_100/VexiiRiscv_305_100_build/log/placement.log,10972
/nfs/share/home/tongliu/script-eval/build/VexiiRiscv_305_100/VexiiRiscv_305_100_build/log/cts.log,13389
/nfs/share/home/tongliu/script-eval/build/VexiiRiscv_305_100/VexiiRiscv_305_100_build/log/read_rtl.log,36
/nfs/share/home/tongliu/script-eval/build/VexiiRiscv_305_100/VexiiRiscv_305_100_build/log/floorplan.log,2480
/nfs/share/home/tongliu/script-eval/build/VexiiRiscv_220_100/VexiiRiscv_220_100_build/log/chipfinish.log,2054
/nfs/share/home/tongliu/script-eval/build/VexiiRiscv_220_100/VexiiRiscv_220_100_build/log/route.log,13219
/nfs/share/home/tongliu/script-eval/build/VexiiRiscv_220_100/VexiiRiscv_220_100_build/log/placement.log,8355
/nfs/share/home/tongliu/script-eval/build/VexiiRiscv_220_100/VexiiRiscv_220_100_build/log/cts.log,8346
/nfs/share/home/tongliu/script-eval/build/VexiiRiscv_220_100/VexiiRiscv_220_100_build/log/read_rtl.log,33
/nfs/share/home/tongliu/script-eval/build/VexiiRiscv_220_100/VexiiRiscv_220_100_build/log/floorplan.log,2108
/nfs/share/home/tongliu/script-eval/build/VexiiRiscv_78_100/VexiiRiscv_78_100_build/log/chipfinish.log,4525
/nfs/share/home/tongliu/script-eval/build/VexiiRiscv_78_100/VexiiRiscv_78_100_build/log/route.log,27576
/nfs/share/home/tongliu/script-eval/build/VexiiRiscv_78_100/VexiiRiscv_78_100_build/log/placement.log,17063
/nfs/share/home/tongliu/script-eval/build/VexiiRiscv_78_100/VexiiRiscv_78_100_build/log/cts.log,33701
/nfs/share/home/tongliu/script-eval/build/VexiiRiscv_78_100/VexiiRiscv_78_100_build/log/read_rtl.log,235
/nfs/share/home/tongliu/script-eval/build/VexiiRiscv_78_100/VexiiRiscv_78_100_build/log/floorplan.log,3912
/nfs/share/home/tongliu/script-eval/build/VexiiRiscv_56_100/VexiiRiscv_56_100_build/log/chipfinish.log,2489
/nfs/share/home/tongliu/script-eval/build/VexiiRiscv_56_100/VexiiRiscv_56_100_build/log/route.log,17625
/nfs/share/home/tongliu/script-eval/build/VexiiRiscv_56_100/VexiiRiscv_56_100_build/log/placement.log,10316
/nfs/share/home/tongliu/script-eval/build/VexiiRiscv_56_100/VexiiRiscv_56_100_build/log/cts.log,10847
/nfs/share/home/tongliu/script-eval/build/VexiiRiscv_56_100/VexiiRiscv_56_100_build/log/read_rtl.log,116
/nfs/share/home/tongliu/script-eval/build/VexiiRiscv_56_100/VexiiRiscv_56_100_build/log/floorplan.log,2543
/nfs/share/home/tongliu/script-eval/build/VexiiRiscv_382_100/VexiiRiscv_382_100_build/log/chipfinish.log,2421
/nfs/share/home/tongliu/script-eval/build/VexiiRiscv_382_100/VexiiRiscv_382_100_build/log/route.log,17107
/nfs/share/home/tongliu/script-eval/build/VexiiRiscv_382_100/VexiiRiscv_382_100_build/log/placement.log,11654
/nfs/share/home/tongliu/script-eval/build/VexiiRiscv_382_100/VexiiRiscv_382_100_build/log/cts.log,10814
/nfs/share/home/tongliu/script-eval/build/VexiiRiscv_382_100/VexiiRiscv_382_100_build/log/read_rtl.log,375
/nfs/share/home/tongliu/script-eval/build/VexiiRiscv_382_100/VexiiRiscv_382_100_build/log/floorplan.log,3370
/nfs/share/home/tongliu/script-eval/build/VexiiRiscv_164_100/VexiiRiscv_164_100_build/log/chipfinish.log,4361
/nfs/share/home/tongliu/script-eval/build/VexiiRiscv_164_100/VexiiRiscv_164_100_build/log/route.log,63433
/nfs/share/home/tongliu/script-eval/build/VexiiRiscv_164_100/VexiiRiscv_164_100_build/log/placement.log,13714
/nfs/share/home/tongliu/script-eval/build/VexiiRiscv_164_100/VexiiRiscv_164_100_build/log/cts.log,34977
/nfs/share/home/tongliu/script-eval/build/VexiiRiscv_164_100/VexiiRiscv_164_100_build/log/read_rtl.log,59
/nfs/share/home/tongliu/script-eval/build/VexiiRiscv_164_100/VexiiRiscv_164_100_build/log/floorplan.log,2966
/nfs/share/home/tongliu/script-eval/build/VexiiRiscv_387_100/VexiiRiscv_387_100_build/log/chipfinish.log,2582
/nfs/share/home/tongliu/script-eval/build/VexiiRiscv_387_100/VexiiRiscv_387_100_build/log/route.log,18415
/nfs/share/home/tongliu/script-eval/build/VexiiRiscv_387_100/VexiiRiscv_387_100_build/log/placement.log,9278
/nfs/share/home/tongliu/script-eval/build/VexiiRiscv_387_100/VexiiRiscv_387_100_build/log/cts.log,21752
/nfs/share/home/tongliu/script-eval/build/VexiiRiscv_387_100/VexiiRiscv_387_100_build/log/read_rtl.log,220
/nfs/share/home/tongliu/script-eval/build/VexiiRiscv_387_100/VexiiRiscv_387_100_build/log/floorplan.log,2217
/nfs/share/home/tongliu/script-eval/build/VexiiRiscv_104_100/VexiiRiscv_104_100_build/log/chipfinish.log,876
/nfs/share/home/tongliu/script-eval/build/VexiiRiscv_104_100/VexiiRiscv_104_100_build/log/route.log,5240
/nfs/share/home/tongliu/script-eval/build/VexiiRiscv_104_100/VexiiRiscv_104_100_build/log/placement.log,4801
/nfs/share/home/tongliu/script-eval/build/VexiiRiscv_104_100/VexiiRiscv_104_100_build/log/cts.log,4329
/nfs/share/home/tongliu/script-eval/build/VexiiRiscv_104_100/VexiiRiscv_104_100_build/log/read_rtl.log,26
/nfs/share/home/tongliu/script-eval/build/VexiiRiscv_104_100/VexiiRiscv_104_100_build/log/floorplan.log,979
/nfs/share/home/tongliu/script-eval/build/VexiiRiscv_369_100/VexiiRiscv_369_100_build/log/placement.log,8686
/nfs/share/home/tongliu/script-eval/build/VexiiRiscv_369_100/VexiiRiscv_369_100_build/log/read_rtl.log,179
/nfs/share/home/tongliu/script-eval/build/VexiiRiscv_369_100/VexiiRiscv_369_100_build/log/floorplan.log,2110
/nfs/share/home/tongliu/script-eval/build/VexiiRiscv_189_100/VexiiRiscv_189_100_build/log/chipfinish.log,616
/nfs/share/home/tongliu/script-eval/build/VexiiRiscv_189_100/VexiiRiscv_189_100_build/log/route.log,3961
/nfs/share/home/tongliu/script-eval/build/VexiiRiscv_189_100/VexiiRiscv_189_100_build/log/placement.log,3410
/nfs/share/home/tongliu/script-eval/build/VexiiRiscv_189_100/VexiiRiscv_189_100_build/log/cts.log,3324
/nfs/share/home/tongliu/script-eval/build/VexiiRiscv_189_100/VexiiRiscv_189_100_build/log/read_rtl.log,23
/nfs/share/home/tongliu/script-eval/build/VexiiRiscv_189_100/VexiiRiscv_189_100_build/log/floorplan.log,795
/nfs/share/home/tongliu/script-eval/build/VexiiRiscv_278_100/VexiiRiscv_278_100_build/log/chipfinish.log,1458
/nfs/share/home/tongliu/script-eval/build/VexiiRiscv_278_100/VexiiRiscv_278_100_build/log/route.log,9622
/nfs/share/home/tongliu/script-eval/build/VexiiRiscv_278_100/VexiiRiscv_278_100_build/log/placement.log,5951
/nfs/share/home/tongliu/script-eval/build/VexiiRiscv_278_100/VexiiRiscv_278_100_build/log/cts.log,7445
/nfs/share/home/tongliu/script-eval/build/VexiiRiscv_278_100/VexiiRiscv_278_100_build/log/read_rtl.log,28
/nfs/share/home/tongliu/script-eval/build/VexiiRiscv_278_100/VexiiRiscv_278_100_build/log/floorplan.log,1595
/nfs/share/home/tongliu/script-eval/build/VexiiRiscv_306_100/VexiiRiscv_306_100_build/log/chipfinish.log,4523
/nfs/share/home/tongliu/script-eval/build/VexiiRiscv_306_100/VexiiRiscv_306_100_build/log/route.log,30155
/nfs/share/home/tongliu/script-eval/build/VexiiRiscv_306_100/VexiiRiscv_306_100_build/log/placement.log,17549
/nfs/share/home/tongliu/script-eval/build/VexiiRiscv_306_100/VexiiRiscv_306_100_build/log/cts.log,23019
/nfs/share/home/tongliu/script-eval/build/VexiiRiscv_306_100/VexiiRiscv_306_100_build/log/read_rtl.log,49
/nfs/share/home/tongliu/script-eval/build/VexiiRiscv_306_100/VexiiRiscv_306_100_build/log/floorplan.log,3704
/nfs/share/home/tongliu/script-eval/build/VexiiRiscv_378_100/VexiiRiscv_378_100_build/log/chipfinish.log,482
/nfs/share/home/tongliu/script-eval/build/VexiiRiscv_378_100/VexiiRiscv_378_100_build/log/route.log,3284
/nfs/share/home/tongliu/script-eval/build/VexiiRiscv_378_100/VexiiRiscv_378_100_build/log/placement.log,3134
/nfs/share/home/tongliu/script-eval/build/VexiiRiscv_378_100/VexiiRiscv_378_100_build/log/cts.log,2948
/nfs/share/home/tongliu/script-eval/build/VexiiRiscv_378_100/VexiiRiscv_378_100_build/log/read_rtl.log,21
/nfs/share/home/tongliu/script-eval/build/VexiiRiscv_378_100/VexiiRiscv_378_100_build/log/floorplan.log,658
/nfs/share/home/tongliu/script-eval/build/VexiiRiscv_367_100/VexiiRiscv_367_100_build/log/chipfinish.log,1698
/nfs/share/home/tongliu/script-eval/build/VexiiRiscv_367_100/VexiiRiscv_367_100_build/log/route.log,11405
/nfs/share/home/tongliu/script-eval/build/VexiiRiscv_367_100/VexiiRiscv_367_100_build/log/placement.log,7573
/nfs/share/home/tongliu/script-eval/build/VexiiRiscv_367_100/VexiiRiscv_367_100_build/log/cts.log,7391
/nfs/share/home/tongliu/script-eval/build/VexiiRiscv_367_100/VexiiRiscv_367_100_build/log/read_rtl.log,30
/nfs/share/home/tongliu/script-eval/build/VexiiRiscv_367_100/VexiiRiscv_367_100_build/log/floorplan.log,1919
/nfs/share/home/tongliu/script-eval/build/VexiiRiscv_291_100/VexiiRiscv_291_100_build/log/chipfinish.log,594
/nfs/share/home/tongliu/script-eval/build/VexiiRiscv_291_100/VexiiRiscv_291_100_build/log/route.log,3763
/nfs/share/home/tongliu/script-eval/build/VexiiRiscv_291_100/VexiiRiscv_291_100_build/log/placement.log,3424
/nfs/share/home/tongliu/script-eval/build/VexiiRiscv_291_100/VexiiRiscv_291_100_build/log/cts.log,3671
/nfs/share/home/tongliu/script-eval/build/VexiiRiscv_291_100/VexiiRiscv_291_100_build/log/read_rtl.log,22
/nfs/share/home/tongliu/script-eval/build/VexiiRiscv_291_100/VexiiRiscv_291_100_build/log/floorplan.log,805
/nfs/share/home/tongliu/script-eval/build/VexiiRiscv_125_100/VexiiRiscv_125_100_build/log/chipfinish.log,3110
/nfs/share/home/tongliu/script-eval/build/VexiiRiscv_125_100/VexiiRiscv_125_100_build/log/route.log,18578
/nfs/share/home/tongliu/script-eval/build/VexiiRiscv_125_100/VexiiRiscv_125_100_build/log/placement.log,11341
/nfs/share/home/tongliu/script-eval/build/VexiiRiscv_125_100/VexiiRiscv_125_100_build/log/cts.log,15361
/nfs/share/home/tongliu/script-eval/build/VexiiRiscv_125_100/VexiiRiscv_125_100_build/log/read_rtl.log,34
/nfs/share/home/tongliu/script-eval/build/VexiiRiscv_125_100/VexiiRiscv_125_100_build/log/floorplan.log,2362
/nfs/share/home/tongliu/script-eval/build/VexiiRiscv_238_100/VexiiRiscv_238_100_build/log/chipfinish.log,4052
/nfs/share/home/tongliu/script-eval/build/VexiiRiscv_238_100/VexiiRiscv_238_100_build/log/route.log,25545
/nfs/share/home/tongliu/script-eval/build/VexiiRiscv_238_100/VexiiRiscv_238_100_build/log/placement.log,15118
/nfs/share/home/tongliu/script-eval/build/VexiiRiscv_238_100/VexiiRiscv_238_100_build/log/cts.log,40969
/nfs/share/home/tongliu/script-eval/build/VexiiRiscv_238_100/VexiiRiscv_238_100_build/log/read_rtl.log,231
/nfs/share/home/tongliu/script-eval/build/VexiiRiscv_238_100/VexiiRiscv_238_100_build/log/floorplan.log,3312
/nfs/share/home/tongliu/script-eval/build/VexiiRiscv_130_100/VexiiRiscv_130_100_build/log/chipfinish.log,1443
/nfs/share/home/tongliu/script-eval/build/VexiiRiscv_130_100/VexiiRiscv_130_100_build/log/route.log,9328
/nfs/share/home/tongliu/script-eval/build/VexiiRiscv_130_100/VexiiRiscv_130_100_build/log/placement.log,6329
/nfs/share/home/tongliu/script-eval/build/VexiiRiscv_130_100/VexiiRiscv_130_100_build/log/cts.log,8166
/nfs/share/home/tongliu/script-eval/build/VexiiRiscv_130_100/VexiiRiscv_130_100_build/log/read_rtl.log,97
/nfs/share/home/tongliu/script-eval/build/VexiiRiscv_130_100/VexiiRiscv_130_100_build/log/floorplan.log,1676
/nfs/share/home/tongliu/script-eval/build/VexiiRiscv_39_100/VexiiRiscv_39_100_build/log/chipfinish.log,1694
/nfs/share/home/tongliu/script-eval/build/VexiiRiscv_39_100/VexiiRiscv_39_100_build/log/route.log,11297
/nfs/share/home/tongliu/script-eval/build/VexiiRiscv_39_100/VexiiRiscv_39_100_build/log/placement.log,7739
/nfs/share/home/tongliu/script-eval/build/VexiiRiscv_39_100/VexiiRiscv_39_100_build/log/cts.log,8217
/nfs/share/home/tongliu/script-eval/build/VexiiRiscv_39_100/VexiiRiscv_39_100_build/log/read_rtl.log,36
/nfs/share/home/tongliu/script-eval/build/VexiiRiscv_39_100/VexiiRiscv_39_100_build/log/floorplan.log,1569
/nfs/share/home/tongliu/script-eval/build/VexiiRiscv_16_100/VexiiRiscv_16_100_build/log/chipfinish.log,3827
/nfs/share/home/tongliu/script-eval/build/VexiiRiscv_16_100/VexiiRiscv_16_100_build/log/route.log,165120
/nfs/share/home/tongliu/script-eval/build/VexiiRiscv_16_100/VexiiRiscv_16_100_build/log/placement.log,13619
/nfs/share/home/tongliu/script-eval/build/VexiiRiscv_16_100/VexiiRiscv_16_100_build/log/cts.log,51967
/nfs/share/home/tongliu/script-eval/build/VexiiRiscv_16_100/VexiiRiscv_16_100_build/log/read_rtl.log,157
/nfs/share/home/tongliu/script-eval/build/VexiiRiscv_16_100/VexiiRiscv_16_100_build/log/floorplan.log,3402
/nfs/share/home/tongliu/script-eval/build/VexiiRiscv_312_100/VexiiRiscv_312_100_build/log/chipfinish.log,1112
/nfs/share/home/tongliu/script-eval/build/VexiiRiscv_312_100/VexiiRiscv_312_100_build/log/route.log,6617
/nfs/share/home/tongliu/script-eval/build/VexiiRiscv_312_100/VexiiRiscv_312_100_build/log/placement.log,5387
/nfs/share/home/tongliu/script-eval/build/VexiiRiscv_312_100/VexiiRiscv_312_100_build/log/cts.log,4927
/nfs/share/home/tongliu/script-eval/build/VexiiRiscv_312_100/VexiiRiscv_312_100_build/log/read_rtl.log,25
/nfs/share/home/tongliu/script-eval/build/VexiiRiscv_312_100/VexiiRiscv_312_100_build/log/floorplan.log,1172
/nfs/share/home/tongliu/script-eval/build/VexiiRiscv_109_100/VexiiRiscv_109_100_build/log/chipfinish.log,2601
/nfs/share/home/tongliu/script-eval/build/VexiiRiscv_109_100/VexiiRiscv_109_100_build/log/route.log,17284
/nfs/share/home/tongliu/script-eval/build/VexiiRiscv_109_100/VexiiRiscv_109_100_build/log/placement.log,11289
/nfs/share/home/tongliu/script-eval/build/VexiiRiscv_109_100/VexiiRiscv_109_100_build/log/cts.log,11817
/nfs/share/home/tongliu/script-eval/build/VexiiRiscv_109_100/VexiiRiscv_109_100_build/log/read_rtl.log,77
/nfs/share/home/tongliu/script-eval/build/VexiiRiscv_109_100/VexiiRiscv_109_100_build/log/floorplan.log,3184
/nfs/share/home/tongliu/script-eval/build/VexiiRiscv_383_100/VexiiRiscv_383_100_build/log/chipfinish.log,588
/nfs/share/home/tongliu/script-eval/build/VexiiRiscv_383_100/VexiiRiscv_383_100_build/log/route.log,3548
/nfs/share/home/tongliu/script-eval/build/VexiiRiscv_383_100/VexiiRiscv_383_100_build/log/placement.log,3303
/nfs/share/home/tongliu/script-eval/build/VexiiRiscv_383_100/VexiiRiscv_383_100_build/log/cts.log,3208
/nfs/share/home/tongliu/script-eval/build/VexiiRiscv_383_100/VexiiRiscv_383_100_build/log/read_rtl.log,22
/nfs/share/home/tongliu/script-eval/build/VexiiRiscv_383_100/VexiiRiscv_383_100_build/log/floorplan.log,788
/nfs/share/home/tongliu/script-eval/build/VexiiRiscv_4_100/VexiiRiscv_4_100_build/log/chipfinish.log,475
/nfs/share/home/tongliu/script-eval/build/VexiiRiscv_4_100/VexiiRiscv_4_100_build/log/route.log,3231
/nfs/share/home/tongliu/script-eval/build/VexiiRiscv_4_100/VexiiRiscv_4_100_build/log/placement.log,3093
/nfs/share/home/tongliu/script-eval/build/VexiiRiscv_4_100/VexiiRiscv_4_100_build/log/cts.log,2845
/nfs/share/home/tongliu/script-eval/build/VexiiRiscv_4_100/VexiiRiscv_4_100_build/log/read_rtl.log,24
/nfs/share/home/tongliu/script-eval/build/VexiiRiscv_4_100/VexiiRiscv_4_100_build/log/floorplan.log,683
/nfs/share/home/tongliu/script-eval/build/VexiiRiscv_195_100/VexiiRiscv_195_100_build/log/chipfinish.log,941
/nfs/share/home/tongliu/script-eval/build/VexiiRiscv_195_100/VexiiRiscv_195_100_build/log/route.log,5677
/nfs/share/home/tongliu/script-eval/build/VexiiRiscv_195_100/VexiiRiscv_195_100_build/log/placement.log,4909
/nfs/share/home/tongliu/script-eval/build/VexiiRiscv_195_100/VexiiRiscv_195_100_build/log/cts.log,4561
/nfs/share/home/tongliu/script-eval/build/VexiiRiscv_195_100/VexiiRiscv_195_100_build/log/read_rtl.log,25
/nfs/share/home/tongliu/script-eval/build/VexiiRiscv_195_100/VexiiRiscv_195_100_build/log/floorplan.log,1011
/nfs/share/home/tongliu/script-eval/build/VexiiRiscv_36_100/VexiiRiscv_36_100_build/log/chipfinish.log,5726
/nfs/share/home/tongliu/script-eval/build/VexiiRiscv_36_100/VexiiRiscv_36_100_build/log/route.log,36727
/nfs/share/home/tongliu/script-eval/build/VexiiRiscv_36_100/VexiiRiscv_36_100_build/log/placement.log,20809
/nfs/share/home/tongliu/script-eval/build/VexiiRiscv_36_100/VexiiRiscv_36_100_build/log/cts.log,55437
/nfs/share/home/tongliu/script-eval/build/VexiiRiscv_36_100/VexiiRiscv_36_100_build/log/read_rtl.log,226
/nfs/share/home/tongliu/script-eval/build/VexiiRiscv_36_100/VexiiRiscv_36_100_build/log/floorplan.log,4364
/nfs/share/home/tongliu/script-eval/build/VexiiRiscv_88_100/VexiiRiscv_88_100_build/log/chipfinish.log,7694
/nfs/share/home/tongliu/script-eval/build/VexiiRiscv_88_100/VexiiRiscv_88_100_build/log/route.log,49004
/nfs/share/home/tongliu/script-eval/build/VexiiRiscv_88_100/VexiiRiscv_88_100_build/log/placement.log,26088
/nfs/share/home/tongliu/script-eval/build/VexiiRiscv_88_100/VexiiRiscv_88_100_build/log/cts.log,26768
/nfs/share/home/tongliu/script-eval/build/VexiiRiscv_88_100/VexiiRiscv_88_100_build/log/read_rtl.log,99
/nfs/share/home/tongliu/script-eval/build/VexiiRiscv_88_100/VexiiRiscv_88_100_build/log/floorplan.log,5069
/nfs/share/home/tongliu/script-eval/build/VexiiRiscv_303_100/VexiiRiscv_303_100_build/log/chipfinish.log,2044
/nfs/share/home/tongliu/script-eval/build/VexiiRiscv_303_100/VexiiRiscv_303_100_build/log/route.log,13271
/nfs/share/home/tongliu/script-eval/build/VexiiRiscv_303_100/VexiiRiscv_303_100_build/log/placement.log,9006
/nfs/share/home/tongliu/script-eval/build/VexiiRiscv_303_100/VexiiRiscv_303_100_build/log/cts.log,9657
/nfs/share/home/tongliu/script-eval/build/VexiiRiscv_303_100/VexiiRiscv_303_100_build/log/read_rtl.log,109
/nfs/share/home/tongliu/script-eval/build/VexiiRiscv_303_100/VexiiRiscv_303_100_build/log/floorplan.log,2133
/nfs/share/home/tongliu/script-eval/build/VexiiRiscv_188_100/VexiiRiscv_188_100_build/log/chipfinish.log,2094
/nfs/share/home/tongliu/script-eval/build/VexiiRiscv_188_100/VexiiRiscv_188_100_build/log/route.log,12771
/nfs/share/home/tongliu/script-eval/build/VexiiRiscv_188_100/VexiiRiscv_188_100_build/log/placement.log,9174
/nfs/share/home/tongliu/script-eval/build/VexiiRiscv_188_100/VexiiRiscv_188_100_build/log/cts.log,9246
/nfs/share/home/tongliu/script-eval/build/VexiiRiscv_188_100/VexiiRiscv_188_100_build/log/read_rtl.log,100
/nfs/share/home/tongliu/script-eval/build/VexiiRiscv_188_100/VexiiRiscv_188_100_build/log/floorplan.log,2017
/nfs/share/home/tongliu/script-eval/build/VexiiRiscv_77_100/VexiiRiscv_77_100_build/log/chipfinish.log,662
/nfs/share/home/tongliu/script-eval/build/VexiiRiscv_77_100/VexiiRiscv_77_100_build/log/route.log,4192
/nfs/share/home/tongliu/script-eval/build/VexiiRiscv_77_100/VexiiRiscv_77_100_build/log/placement.log,3916
/nfs/share/home/tongliu/script-eval/build/VexiiRiscv_77_100/VexiiRiscv_77_100_build/log/cts.log,3479
/nfs/share/home/tongliu/script-eval/build/VexiiRiscv_77_100/VexiiRiscv_77_100_build/log/read_rtl.log,26
/nfs/share/home/tongliu/script-eval/build/VexiiRiscv_77_100/VexiiRiscv_77_100_build/log/floorplan.log,847
/nfs/share/home/tongliu/script-eval/build/VexiiRiscv_242_100/VexiiRiscv_242_100_build/log/chipfinish.log,2652
/nfs/share/home/tongliu/script-eval/build/VexiiRiscv_242_100/VexiiRiscv_242_100_build/log/route.log,16723
/nfs/share/home/tongliu/script-eval/build/VexiiRiscv_242_100/VexiiRiscv_242_100_build/log/placement.log,10763
/nfs/share/home/tongliu/script-eval/build/VexiiRiscv_242_100/VexiiRiscv_242_100_build/log/cts.log,12393
/nfs/share/home/tongliu/script-eval/build/VexiiRiscv_242_100/VexiiRiscv_242_100_build/log/read_rtl.log,36
/nfs/share/home/tongliu/script-eval/build/VexiiRiscv_242_100/VexiiRiscv_242_100_build/log/floorplan.log,2341
/nfs/share/home/tongliu/script-eval/build/VexiiRiscv_70_100/VexiiRiscv_70_100_build/log/chipfinish.log,4468
/nfs/share/home/tongliu/script-eval/build/VexiiRiscv_70_100/VexiiRiscv_70_100_build/log/route.log,28986
/nfs/share/home/tongliu/script-eval/build/VexiiRiscv_70_100/VexiiRiscv_70_100_build/log/placement.log,16241
/nfs/share/home/tongliu/script-eval/build/VexiiRiscv_70_100/VexiiRiscv_70_100_build/log/cts.log,26054
/nfs/share/home/tongliu/script-eval/build/VexiiRiscv_70_100/VexiiRiscv_70_100_build/log/read_rtl.log,254
/nfs/share/home/tongliu/script-eval/build/VexiiRiscv_70_100/VexiiRiscv_70_100_build/log/floorplan.log,3685
/nfs/share/home/tongliu/script-eval/build/VexiiRiscv_139_100/VexiiRiscv_139_100_build/log/chipfinish.log,2534
/nfs/share/home/tongliu/script-eval/build/VexiiRiscv_139_100/VexiiRiscv_139_100_build/log/route.log,18787
/nfs/share/home/tongliu/script-eval/build/VexiiRiscv_139_100/VexiiRiscv_139_100_build/log/placement.log,9676
/nfs/share/home/tongliu/script-eval/build/VexiiRiscv_139_100/VexiiRiscv_139_100_build/log/cts.log,25847
/nfs/share/home/tongliu/script-eval/build/VexiiRiscv_139_100/VexiiRiscv_139_100_build/log/read_rtl.log,203
/nfs/share/home/tongliu/script-eval/build/VexiiRiscv_139_100/VexiiRiscv_139_100_build/log/floorplan.log,2401
/nfs/share/home/tongliu/script-eval/build/VexiiRiscv_380_100/VexiiRiscv_380_100_build/log/chipfinish.log,674
/nfs/share/home/tongliu/script-eval/build/VexiiRiscv_380_100/VexiiRiscv_380_100_build/log/route.log,3979
/nfs/share/home/tongliu/script-eval/build/VexiiRiscv_380_100/VexiiRiscv_380_100_build/log/placement.log,4156
/nfs/share/home/tongliu/script-eval/build/VexiiRiscv_380_100/VexiiRiscv_380_100_build/log/cts.log,3762
/nfs/share/home/tongliu/script-eval/build/VexiiRiscv_380_100/VexiiRiscv_380_100_build/log/read_rtl.log,20
/nfs/share/home/tongliu/script-eval/build/VexiiRiscv_380_100/VexiiRiscv_380_100_build/log/floorplan.log,802
/nfs/share/home/tongliu/script-eval/build/VexiiRiscv_403_100/VexiiRiscv_403_100_build/log/placement.log,7838
/nfs/share/home/tongliu/script-eval/build/VexiiRiscv_403_100/VexiiRiscv_403_100_build/log/read_rtl.log,29
/nfs/share/home/tongliu/script-eval/build/VexiiRiscv_403_100/VexiiRiscv_403_100_build/log/floorplan.log,1678
/nfs/share/home/tongliu/script-eval/build/VexiiRiscv_83_100/VexiiRiscv_83_100_build/log/chipfinish.log,998
/nfs/share/home/tongliu/script-eval/build/VexiiRiscv_83_100/VexiiRiscv_83_100_build/log/route.log,5180
/nfs/share/home/tongliu/script-eval/build/VexiiRiscv_83_100/VexiiRiscv_83_100_build/log/placement.log,4645
/nfs/share/home/tongliu/script-eval/build/VexiiRiscv_83_100/VexiiRiscv_83_100_build/log/cts.log,4921
/nfs/share/home/tongliu/script-eval/build/VexiiRiscv_83_100/VexiiRiscv_83_100_build/log/read_rtl.log,26
/nfs/share/home/tongliu/script-eval/build/VexiiRiscv_83_100/VexiiRiscv_83_100_build/log/floorplan.log,953
/nfs/share/home/tongliu/script-eval/build/VexiiRiscv_376_100/VexiiRiscv_376_100_build/log/chipfinish.log,1920
/nfs/share/home/tongliu/script-eval/build/VexiiRiscv_376_100/VexiiRiscv_376_100_build/log/route.log,15912
/nfs/share/home/tongliu/script-eval/build/VexiiRiscv_376_100/VexiiRiscv_376_100_build/log/placement.log,9809
/nfs/share/home/tongliu/script-eval/build/VexiiRiscv_376_100/VexiiRiscv_376_100_build/log/cts.log,10041
/nfs/share/home/tongliu/script-eval/build/VexiiRiscv_376_100/VexiiRiscv_376_100_build/log/read_rtl.log,44
/nfs/share/home/tongliu/script-eval/build/VexiiRiscv_376_100/VexiiRiscv_376_100_build/log/floorplan.log,1961
/nfs/share/home/tongliu/script-eval/build/VexiiRiscv_73_100/VexiiRiscv_73_100_build/log/chipfinish.log,2457
/nfs/share/home/tongliu/script-eval/build/VexiiRiscv_73_100/VexiiRiscv_73_100_build/log/route.log,17179
/nfs/share/home/tongliu/script-eval/build/VexiiRiscv_73_100/VexiiRiscv_73_100_build/log/placement.log,10784
/nfs/share/home/tongliu/script-eval/build/VexiiRiscv_73_100/VexiiRiscv_73_100_build/log/cts.log,11035
/nfs/share/home/tongliu/script-eval/build/VexiiRiscv_73_100/VexiiRiscv_73_100_build/log/read_rtl.log,406
/nfs/share/home/tongliu/script-eval/build/VexiiRiscv_73_100/VexiiRiscv_73_100_build/log/floorplan.log,3707
/nfs/share/home/tongliu/script-eval/build/VexiiRiscv_44_100/VexiiRiscv_44_100_build/log/chipfinish.log,9793
/nfs/share/home/tongliu/script-eval/build/VexiiRiscv_44_100/VexiiRiscv_44_100_build/log/route.log,59029
/nfs/share/home/tongliu/script-eval/build/VexiiRiscv_44_100/VexiiRiscv_44_100_build/log/placement.log,33341
/nfs/share/home/tongliu/script-eval/build/VexiiRiscv_44_100/VexiiRiscv_44_100_build/log/cts.log,43055
/nfs/share/home/tongliu/script-eval/build/VexiiRiscv_44_100/VexiiRiscv_44_100_build/log/read_rtl.log,81
/nfs/share/home/tongliu/script-eval/build/VexiiRiscv_44_100/VexiiRiscv_44_100_build/log/floorplan.log,6755
/nfs/share/home/tongliu/script-eval/build/VexiiRiscv_283_100/VexiiRiscv_283_100_build/log/chipfinish.log,2940
/nfs/share/home/tongliu/script-eval/build/VexiiRiscv_283_100/VexiiRiscv_283_100_build/log/route.log,20187
/nfs/share/home/tongliu/script-eval/build/VexiiRiscv_283_100/VexiiRiscv_283_100_build/log/placement.log,12359
/nfs/share/home/tongliu/script-eval/build/VexiiRiscv_283_100/VexiiRiscv_283_100_build/log/cts.log,27644
/nfs/share/home/tongliu/script-eval/build/VexiiRiscv_283_100/VexiiRiscv_283_100_build/log/read_rtl.log,227
/nfs/share/home/tongliu/script-eval/build/VexiiRiscv_283_100/VexiiRiscv_283_100_build/log/floorplan.log,2921
/nfs/share/home/tongliu/script-eval/build/VexiiRiscv_254_100/VexiiRiscv_254_100_build/log/chipfinish.log,581
/nfs/share/home/tongliu/script-eval/build/VexiiRiscv_254_100/VexiiRiscv_254_100_build/log/route.log,3423
/nfs/share/home/tongliu/script-eval/build/VexiiRiscv_254_100/VexiiRiscv_254_100_build/log/placement.log,3340
/nfs/share/home/tongliu/script-eval/build/VexiiRiscv_254_100/VexiiRiscv_254_100_build/log/cts.log,3173
/nfs/share/home/tongliu/script-eval/build/VexiiRiscv_254_100/VexiiRiscv_254_100_build/log/read_rtl.log,23
/nfs/share/home/tongliu/script-eval/build/VexiiRiscv_254_100/VexiiRiscv_254_100_build/log/floorplan.log,755
/nfs/share/home/tongliu/script-eval/build/VexiiRiscv_392_100/VexiiRiscv_392_100_build/log/placement.log,19023
/nfs/share/home/tongliu/script-eval/build/VexiiRiscv_392_100/VexiiRiscv_392_100_build/log/cts.log,26498
/nfs/share/home/tongliu/script-eval/build/VexiiRiscv_392_100/VexiiRiscv_392_100_build/log/read_rtl.log,143
/nfs/share/home/tongliu/script-eval/build/VexiiRiscv_392_100/VexiiRiscv_392_100_build/log/floorplan.log,4466
/nfs/share/home/tongliu/script-eval/build/VexiiRiscv_71_100/VexiiRiscv_71_100_build/log/chipfinish.log,3823
/nfs/share/home/tongliu/script-eval/build/VexiiRiscv_71_100/VexiiRiscv_71_100_build/log/route.log,25250
/nfs/share/home/tongliu/script-eval/build/VexiiRiscv_71_100/VexiiRiscv_71_100_build/log/placement.log,15522
/nfs/share/home/tongliu/script-eval/build/VexiiRiscv_71_100/VexiiRiscv_71_100_build/log/cts.log,16941
/nfs/share/home/tongliu/script-eval/build/VexiiRiscv_71_100/VexiiRiscv_71_100_build/log/read_rtl.log,455
/nfs/share/home/tongliu/script-eval/build/VexiiRiscv_71_100/VexiiRiscv_71_100_build/log/floorplan.log,4711
/nfs/share/home/tongliu/script-eval/build/VexiiRiscv_320_100/VexiiRiscv_320_100_build/log/chipfinish.log,15955
/nfs/share/home/tongliu/script-eval/build/VexiiRiscv_320_100/VexiiRiscv_320_100_build/log/route.log,107440
/nfs/share/home/tongliu/script-eval/build/VexiiRiscv_320_100/VexiiRiscv_320_100_build/log/placement.log,53462
/nfs/share/home/tongliu/script-eval/build/VexiiRiscv_320_100/VexiiRiscv_320_100_build/log/cts.log,58251
/nfs/share/home/tongliu/script-eval/build/VexiiRiscv_320_100/VexiiRiscv_320_100_build/log/read_rtl.log,388
/nfs/share/home/tongliu/script-eval/build/VexiiRiscv_320_100/VexiiRiscv_320_100_build/log/floorplan.log,11441
/nfs/share/home/tongliu/script-eval/build/VexiiRiscv_90_100/VexiiRiscv_90_100_build/log/chipfinish.log,2215
/nfs/share/home/tongliu/script-eval/build/VexiiRiscv_90_100/VexiiRiscv_90_100_build/log/route.log,17164
/nfs/share/home/tongliu/script-eval/build/VexiiRiscv_90_100/VexiiRiscv_90_100_build/log/placement.log,9506
/nfs/share/home/tongliu/script-eval/build/VexiiRiscv_90_100/VexiiRiscv_90_100_build/log/cts.log,27663
/nfs/share/home/tongliu/script-eval/build/VexiiRiscv_90_100/VexiiRiscv_90_100_build/log/read_rtl.log,206
/nfs/share/home/tongliu/script-eval/build/VexiiRiscv_90_100/VexiiRiscv_90_100_build/log/floorplan.log,2276
/nfs/share/home/tongliu/script-eval/build/VexiiRiscv_80_100/VexiiRiscv_80_100_build/log/chipfinish.log,4932
/nfs/share/home/tongliu/script-eval/build/VexiiRiscv_80_100/VexiiRiscv_80_100_build/log/route.log,237233
/nfs/share/home/tongliu/script-eval/build/VexiiRiscv_80_100/VexiiRiscv_80_100_build/log/placement.log,15360
/nfs/share/home/tongliu/script-eval/build/VexiiRiscv_80_100/VexiiRiscv_80_100_build/log/cts.log,64021
/nfs/share/home/tongliu/script-eval/build/VexiiRiscv_80_100/VexiiRiscv_80_100_build/log/read_rtl.log,79
/nfs/share/home/tongliu/script-eval/build/VexiiRiscv_80_100/VexiiRiscv_80_100_build/log/floorplan.log,3287
/nfs/share/home/tongliu/script-eval/build/VexiiRiscv_296_100/VexiiRiscv_296_100_build/log/chipfinish.log,1436
/nfs/share/home/tongliu/script-eval/build/VexiiRiscv_296_100/VexiiRiscv_296_100_build/log/route.log,8854
/nfs/share/home/tongliu/script-eval/build/VexiiRiscv_296_100/VexiiRiscv_296_100_build/log/placement.log,6607
/nfs/share/home/tongliu/script-eval/build/VexiiRiscv_296_100/VexiiRiscv_296_100_build/log/cts.log,6210
/nfs/share/home/tongliu/script-eval/build/VexiiRiscv_296_100/VexiiRiscv_296_100_build/log/read_rtl.log,59
/nfs/share/home/tongliu/script-eval/build/VexiiRiscv_296_100/VexiiRiscv_296_100_build/log/floorplan.log,1877
/nfs/share/home/tongliu/script-eval/build/VexiiRiscv_102_100/VexiiRiscv_102_100_build/log/chipfinish.log,1863
/nfs/share/home/tongliu/script-eval/build/VexiiRiscv_102_100/VexiiRiscv_102_100_build/log/route.log,12360
/nfs/share/home/tongliu/script-eval/build/VexiiRiscv_102_100/VexiiRiscv_102_100_build/log/placement.log,8318
/nfs/share/home/tongliu/script-eval/build/VexiiRiscv_102_100/VexiiRiscv_102_100_build/log/cts.log,9305
/nfs/share/home/tongliu/script-eval/build/VexiiRiscv_102_100/VexiiRiscv_102_100_build/log/read_rtl.log,100
/nfs/share/home/tongliu/script-eval/build/VexiiRiscv_102_100/VexiiRiscv_102_100_build/log/floorplan.log,2061
/nfs/share/home/tongliu/script-eval/build/VexiiRiscv_217_100/VexiiRiscv_217_100_build/log/chipfinish.log,12794
/nfs/share/home/tongliu/script-eval/build/VexiiRiscv_217_100/VexiiRiscv_217_100_build/log/route.log,79840
/nfs/share/home/tongliu/script-eval/build/VexiiRiscv_217_100/VexiiRiscv_217_100_build/log/placement.log,38759
/nfs/share/home/tongliu/script-eval/build/VexiiRiscv_217_100/VexiiRiscv_217_100_build/log/cts.log,55528
/nfs/share/home/tongliu/script-eval/build/VexiiRiscv_217_100/VexiiRiscv_217_100_build/log/read_rtl.log,431
/nfs/share/home/tongliu/script-eval/build/VexiiRiscv_217_100/VexiiRiscv_217_100_build/log/floorplan.log,8055
/nfs/share/home/tongliu/script-eval/build/VexiiRiscv_35_100/VexiiRiscv_35_100_build/log/chipfinish.log,1666
/nfs/share/home/tongliu/script-eval/build/VexiiRiscv_35_100/VexiiRiscv_35_100_build/log/route.log,10723
/nfs/share/home/tongliu/script-eval/build/VexiiRiscv_35_100/VexiiRiscv_35_100_build/log/placement.log,7766
/nfs/share/home/tongliu/script-eval/build/VexiiRiscv_35_100/VexiiRiscv_35_100_build/log/cts.log,8382
/nfs/share/home/tongliu/script-eval/build/VexiiRiscv_35_100/VexiiRiscv_35_100_build/log/read_rtl.log,358
/nfs/share/home/tongliu/script-eval/build/VexiiRiscv_35_100/VexiiRiscv_35_100_build/log/floorplan.log,2812
/nfs/share/home/tongliu/script-eval/build/VexiiRiscv_120_100/VexiiRiscv_120_100_build/log/chipfinish.log,838
/nfs/share/home/tongliu/script-eval/build/VexiiRiscv_120_100/VexiiRiscv_120_100_build/log/route.log,5369
/nfs/share/home/tongliu/script-eval/build/VexiiRiscv_120_100/VexiiRiscv_120_100_build/log/placement.log,4681
/nfs/share/home/tongliu/script-eval/build/VexiiRiscv_120_100/VexiiRiscv_120_100_build/log/cts.log,4526
/nfs/share/home/tongliu/script-eval/build/VexiiRiscv_120_100/VexiiRiscv_120_100_build/log/read_rtl.log,23
/nfs/share/home/tongliu/script-eval/build/VexiiRiscv_120_100/VexiiRiscv_120_100_build/log/floorplan.log,963
/nfs/share/home/tongliu/script-eval/build/VexiiRiscv_134_100/VexiiRiscv_134_100_build/log/chipfinish.log,790
/nfs/share/home/tongliu/script-eval/build/VexiiRiscv_134_100/VexiiRiscv_134_100_build/log/route.log,4471
/nfs/share/home/tongliu/script-eval/build/VexiiRiscv_134_100/VexiiRiscv_134_100_build/log/placement.log,3677
/nfs/share/home/tongliu/script-eval/build/VexiiRiscv_134_100/VexiiRiscv_134_100_build/log/cts.log,3920
/nfs/share/home/tongliu/script-eval/build/VexiiRiscv_134_100/VexiiRiscv_134_100_build/log/read_rtl.log,22
/nfs/share/home/tongliu/script-eval/build/VexiiRiscv_134_100/VexiiRiscv_134_100_build/log/floorplan.log,808
/nfs/share/home/tongliu/script-eval/build/VexiiRiscv_229_100/VexiiRiscv_229_100_build/log/chipfinish.log,10627
/nfs/share/home/tongliu/script-eval/build/VexiiRiscv_229_100/VexiiRiscv_229_100_build/log/route.log,66086
/nfs/share/home/tongliu/script-eval/build/VexiiRiscv_229_100/VexiiRiscv_229_100_build/log/placement.log,35175
/nfs/share/home/tongliu/script-eval/build/VexiiRiscv_229_100/VexiiRiscv_229_100_build/log/cts.log,37784
/nfs/share/home/tongliu/script-eval/build/VexiiRiscv_229_100/VexiiRiscv_229_100_build/log/read_rtl.log,390
/nfs/share/home/tongliu/script-eval/build/VexiiRiscv_229_100/VexiiRiscv_229_100_build/log/floorplan.log,7862
/nfs/share/home/tongliu/script-eval/build/VexiiRiscv_67_100/VexiiRiscv_67_100_build/log/chipfinish.log,900
/nfs/share/home/tongliu/script-eval/build/VexiiRiscv_67_100/VexiiRiscv_67_100_build/log/route.log,6793
/nfs/share/home/tongliu/script-eval/build/VexiiRiscv_67_100/VexiiRiscv_67_100_build/log/placement.log,4613
/nfs/share/home/tongliu/script-eval/build/VexiiRiscv_67_100/VexiiRiscv_67_100_build/log/cts.log,4533
/nfs/share/home/tongliu/script-eval/build/VexiiRiscv_67_100/VexiiRiscv_67_100_build/log/read_rtl.log,26
/nfs/share/home/tongliu/script-eval/build/VexiiRiscv_67_100/VexiiRiscv_67_100_build/log/floorplan.log,985
/nfs/share/home/tongliu/script-eval/build/VexiiRiscv_11_100/VexiiRiscv_11_100_build/log/chipfinish.log,1474
/nfs/share/home/tongliu/script-eval/build/VexiiRiscv_11_100/VexiiRiscv_11_100_build/log/route.log,9386
/nfs/share/home/tongliu/script-eval/build/VexiiRiscv_11_100/VexiiRiscv_11_100_build/log/placement.log,6165
/nfs/share/home/tongliu/script-eval/build/VexiiRiscv_11_100/VexiiRiscv_11_100_build/log/cts.log,6424
/nfs/share/home/tongliu/script-eval/build/VexiiRiscv_11_100/VexiiRiscv_11_100_build/log/read_rtl.log,30
/nfs/share/home/tongliu/script-eval/build/VexiiRiscv_11_100/VexiiRiscv_11_100_build/log/floorplan.log,1388
/nfs/share/home/tongliu/script-eval/build/VexiiRiscv_169_100/VexiiRiscv_169_100_build/log/chipfinish.log,502
/nfs/share/home/tongliu/script-eval/build/VexiiRiscv_169_100/VexiiRiscv_169_100_build/log/route.log,2829
/nfs/share/home/tongliu/script-eval/build/VexiiRiscv_169_100/VexiiRiscv_169_100_build/log/placement.log,2791
/nfs/share/home/tongliu/script-eval/build/VexiiRiscv_169_100/VexiiRiscv_169_100_build/log/cts.log,2651
/nfs/share/home/tongliu/script-eval/build/VexiiRiscv_169_100/VexiiRiscv_169_100_build/log/read_rtl.log,20
/nfs/share/home/tongliu/script-eval/build/VexiiRiscv_169_100/VexiiRiscv_169_100_build/log/floorplan.log,628
/nfs/share/home/tongliu/script-eval/build/VexiiRiscv_330_100/VexiiRiscv_330_100_build/log/chipfinish.log,7267
/nfs/share/home/tongliu/script-eval/build/VexiiRiscv_330_100/VexiiRiscv_330_100_build/log/route.log,45315
/nfs/share/home/tongliu/script-eval/build/VexiiRiscv_330_100/VexiiRiscv_330_100_build/log/placement.log,26182
/nfs/share/home/tongliu/script-eval/build/VexiiRiscv_330_100/VexiiRiscv_330_100_build/log/cts.log,31603
/nfs/share/home/tongliu/script-eval/build/VexiiRiscv_330_100/VexiiRiscv_330_100_build/log/read_rtl.log,79
/nfs/share/home/tongliu/script-eval/build/VexiiRiscv_330_100/VexiiRiscv_330_100_build/log/floorplan.log,4852
/nfs/share/home/tongliu/script-eval/build/VexiiRiscv_405_100/VexiiRiscv_405_100_build/log/read_rtl.log,26
/nfs/share/home/tongliu/script-eval/build/VexiiRiscv_405_100/VexiiRiscv_405_100_build/log/floorplan.log,994
/nfs/share/home/tongliu/script-eval/build/VexiiRiscv_384_100/VexiiRiscv_384_100_build/log/placement.log,68186
/nfs/share/home/tongliu/script-eval/build/VexiiRiscv_384_100/VexiiRiscv_384_100_build/log/read_rtl.log,143
/nfs/share/home/tongliu/script-eval/build/VexiiRiscv_384_100/VexiiRiscv_384_100_build/log/floorplan.log,13974
/nfs/share/home/tongliu/script-eval/build/VexiiRiscv_231_100/VexiiRiscv_231_100_build/log/chipfinish.log,4139
/nfs/share/home/tongliu/script-eval/build/VexiiRiscv_231_100/VexiiRiscv_231_100_build/log/route.log,26914
/nfs/share/home/tongliu/script-eval/build/VexiiRiscv_231_100/VexiiRiscv_231_100_build/log/placement.log,16585
/nfs/share/home/tongliu/script-eval/build/VexiiRiscv_231_100/VexiiRiscv_231_100_build/log/cts.log,19343
/nfs/share/home/tongliu/script-eval/build/VexiiRiscv_231_100/VexiiRiscv_231_100_build/log/read_rtl.log,457
/nfs/share/home/tongliu/script-eval/build/VexiiRiscv_231_100/VexiiRiscv_231_100_build/log/floorplan.log,4865
/nfs/share/home/tongliu/script-eval/build/VexiiRiscv_364_100/VexiiRiscv_364_100_build/log/chipfinish.log,2727
/nfs/share/home/tongliu/script-eval/build/VexiiRiscv_364_100/VexiiRiscv_364_100_build/log/route.log,16197
/nfs/share/home/tongliu/script-eval/build/VexiiRiscv_364_100/VexiiRiscv_364_100_build/log/placement.log,10450
/nfs/share/home/tongliu/script-eval/build/VexiiRiscv_364_100/VexiiRiscv_364_100_build/log/cts.log,19655
/nfs/share/home/tongliu/script-eval/build/VexiiRiscv_364_100/VexiiRiscv_364_100_build/log/read_rtl.log,214
/nfs/share/home/tongliu/script-eval/build/VexiiRiscv_364_100/VexiiRiscv_364_100_build/log/floorplan.log,2614
/nfs/share/home/tongliu/script-eval/build/VexiiRiscv_148_100/VexiiRiscv_148_100_build/log/chipfinish.log,537
/nfs/share/home/tongliu/script-eval/build/VexiiRiscv_148_100/VexiiRiscv_148_100_build/log/route.log,3057
/nfs/share/home/tongliu/script-eval/build/VexiiRiscv_148_100/VexiiRiscv_148_100_build/log/placement.log,2916
/nfs/share/home/tongliu/script-eval/build/VexiiRiscv_148_100/VexiiRiscv_148_100_build/log/cts.log,3006
/nfs/share/home/tongliu/script-eval/build/VexiiRiscv_148_100/VexiiRiscv_148_100_build/log/read_rtl.log,21
/nfs/share/home/tongliu/script-eval/build/VexiiRiscv_148_100/VexiiRiscv_148_100_build/log/floorplan.log,610
/nfs/share/home/tongliu/script-eval/build/VexiiRiscv_232_100/VexiiRiscv_232_100_build/log/chipfinish.log,2281
/nfs/share/home/tongliu/script-eval/build/VexiiRiscv_232_100/VexiiRiscv_232_100_build/log/route.log,15183
/nfs/share/home/tongliu/script-eval/build/VexiiRiscv_232_100/VexiiRiscv_232_100_build/log/placement.log,9414
/nfs/share/home/tongliu/script-eval/build/VexiiRiscv_232_100/VexiiRiscv_232_100_build/log/cts.log,20564
/nfs/share/home/tongliu/script-eval/build/VexiiRiscv_232_100/VexiiRiscv_232_100_build/log/read_rtl.log,201
/nfs/share/home/tongliu/script-eval/build/VexiiRiscv_232_100/VexiiRiscv_232_100_build/log/floorplan.log,2238
/nfs/share/home/tongliu/script-eval/build/VexiiRiscv_277_100/VexiiRiscv_277_100_build/log/chipfinish.log,6614
/nfs/share/home/tongliu/script-eval/build/VexiiRiscv_277_100/VexiiRiscv_277_100_build/log/route.log,40862
/nfs/share/home/tongliu/script-eval/build/VexiiRiscv_277_100/VexiiRiscv_277_100_build/log/placement.log,22651
/nfs/share/home/tongliu/script-eval/build/VexiiRiscv_277_100/VexiiRiscv_277_100_build/log/cts.log,24808
/nfs/share/home/tongliu/script-eval/build/VexiiRiscv_277_100/VexiiRiscv_277_100_build/log/read_rtl.log,99
/nfs/share/home/tongliu/script-eval/build/VexiiRiscv_277_100/VexiiRiscv_277_100_build/log/floorplan.log,4805
/nfs/share/home/tongliu/script-eval/build/VexiiRiscv_49_100/VexiiRiscv_49_100_build/log/chipfinish.log,2554
/nfs/share/home/tongliu/script-eval/build/VexiiRiscv_49_100/VexiiRiscv_49_100_build/log/route.log,20074
/nfs/share/home/tongliu/script-eval/build/VexiiRiscv_49_100/VexiiRiscv_49_100_build/log/placement.log,9046
/nfs/share/home/tongliu/script-eval/build/VexiiRiscv_49_100/VexiiRiscv_49_100_build/log/cts.log,18333
/nfs/share/home/tongliu/script-eval/build/VexiiRiscv_49_100/VexiiRiscv_49_100_build/log/read_rtl.log,189
/nfs/share/home/tongliu/script-eval/build/VexiiRiscv_49_100/VexiiRiscv_49_100_build/log/floorplan.log,2406
/nfs/share/home/tongliu/script-eval/build/VexiiRiscv_208_100/VexiiRiscv_208_100_build/log/chipfinish.log,9073
/nfs/share/home/tongliu/script-eval/build/VexiiRiscv_208_100/VexiiRiscv_208_100_build/log/route.log,65257
/nfs/share/home/tongliu/script-eval/build/VexiiRiscv_208_100/VexiiRiscv_208_100_build/log/placement.log,33855
/nfs/share/home/tongliu/script-eval/build/VexiiRiscv_208_100/VexiiRiscv_208_100_build/log/cts.log,48584
/nfs/share/home/tongliu/script-eval/build/VexiiRiscv_208_100/VexiiRiscv_208_100_build/log/read_rtl.log,90
/nfs/share/home/tongliu/script-eval/build/VexiiRiscv_208_100/VexiiRiscv_208_100_build/log/floorplan.log,6689
/nfs/share/home/tongliu/script-eval/build/VexiiRiscv_280_100/VexiiRiscv_280_100_build/log/placement.log,89149
/nfs/share/home/tongliu/script-eval/build/VexiiRiscv_280_100/VexiiRiscv_280_100_build/log/cts.log,131433
/nfs/share/home/tongliu/script-eval/build/VexiiRiscv_280_100/VexiiRiscv_280_100_build/log/read_rtl.log,229
/nfs/share/home/tongliu/script-eval/build/VexiiRiscv_280_100/VexiiRiscv_280_100_build/log/floorplan.log,15829
/nfs/share/home/tongliu/script-eval/build/VexiiRiscv_285_100/VexiiRiscv_285_100_build/log/chipfinish.log,1966
/nfs/share/home/tongliu/script-eval/build/VexiiRiscv_285_100/VexiiRiscv_285_100_build/log/route.log,12494
/nfs/share/home/tongliu/script-eval/build/VexiiRiscv_285_100/VexiiRiscv_285_100_build/log/placement.log,7339
/nfs/share/home/tongliu/script-eval/build/VexiiRiscv_285_100/VexiiRiscv_285_100_build/log/cts.log,7800
/nfs/share/home/tongliu/script-eval/build/VexiiRiscv_285_100/VexiiRiscv_285_100_build/log/read_rtl.log,106
/nfs/share/home/tongliu/script-eval/build/VexiiRiscv_285_100/VexiiRiscv_285_100_build/log/floorplan.log,1864
/nfs/share/home/tongliu/script-eval/build/VexiiRiscv_213_100/VexiiRiscv_213_100_build/log/chipfinish.log,2066
/nfs/share/home/tongliu/script-eval/build/VexiiRiscv_213_100/VexiiRiscv_213_100_build/log/route.log,15106
/nfs/share/home/tongliu/script-eval/build/VexiiRiscv_213_100/VexiiRiscv_213_100_build/log/placement.log,8635
/nfs/share/home/tongliu/script-eval/build/VexiiRiscv_213_100/VexiiRiscv_213_100_build/log/cts.log,26185
/nfs/share/home/tongliu/script-eval/build/VexiiRiscv_213_100/VexiiRiscv_213_100_build/log/read_rtl.log,202
/nfs/share/home/tongliu/script-eval/build/VexiiRiscv_213_100/VexiiRiscv_213_100_build/log/floorplan.log,2072
/nfs/share/home/tongliu/script-eval/build/VexiiRiscv_275_100/VexiiRiscv_275_100_build/log/chipfinish.log,1501
/nfs/share/home/tongliu/script-eval/build/VexiiRiscv_275_100/VexiiRiscv_275_100_build/log/route.log,9597
/nfs/share/home/tongliu/script-eval/build/VexiiRiscv_275_100/VexiiRiscv_275_100_build/log/placement.log,7474
/nfs/share/home/tongliu/script-eval/build/VexiiRiscv_275_100/VexiiRiscv_275_100_build/log/cts.log,7652
/nfs/share/home/tongliu/script-eval/build/VexiiRiscv_275_100/VexiiRiscv_275_100_build/log/read_rtl.log,98
/nfs/share/home/tongliu/script-eval/build/VexiiRiscv_275_100/VexiiRiscv_275_100_build/log/floorplan.log,1957
/nfs/share/home/tongliu/script-eval/build/VexiiRiscv_353_100/VexiiRiscv_353_100_build/log/chipfinish.log,453
/nfs/share/home/tongliu/script-eval/build/VexiiRiscv_353_100/VexiiRiscv_353_100_build/log/route.log,2532
/nfs/share/home/tongliu/script-eval/build/VexiiRiscv_353_100/VexiiRiscv_353_100_build/log/placement.log,2721
/nfs/share/home/tongliu/script-eval/build/VexiiRiscv_353_100/VexiiRiscv_353_100_build/log/cts.log,2485
/nfs/share/home/tongliu/script-eval/build/VexiiRiscv_353_100/VexiiRiscv_353_100_build/log/read_rtl.log,20
/nfs/share/home/tongliu/script-eval/build/VexiiRiscv_353_100/VexiiRiscv_353_100_build/log/floorplan.log,624
/nfs/share/home/tongliu/script-eval/build/VexiiRiscv_27_100/VexiiRiscv_27_100_build/log/chipfinish.log,17613
/nfs/share/home/tongliu/script-eval/build/VexiiRiscv_27_100/VexiiRiscv_27_100_build/log/route.log,120391
/nfs/share/home/tongliu/script-eval/build/VexiiRiscv_27_100/VexiiRiscv_27_100_build/log/placement.log,70748
/nfs/share/home/tongliu/script-eval/build/VexiiRiscv_27_100/VexiiRiscv_27_100_build/log/cts.log,79904
/nfs/share/home/tongliu/script-eval/build/VexiiRiscv_27_100/VexiiRiscv_27_100_build/log/read_rtl.log,144
/nfs/share/home/tongliu/script-eval/build/VexiiRiscv_27_100/VexiiRiscv_27_100_build/log/floorplan.log,16464
/nfs/share/home/tongliu/script-eval/build/VexiiRiscv_cacheless_fpu_mico_100/VexiiRiscv_cacheless_fpu_mico_100_build/log/chipfinish.log,570
/nfs/share/home/tongliu/script-eval/build/VexiiRiscv_cacheless_fpu_mico_100/VexiiRiscv_cacheless_fpu_mico_100_build/log/route.log,3726
/nfs/share/home/tongliu/script-eval/build/VexiiRiscv_cacheless_fpu_mico_100/VexiiRiscv_cacheless_fpu_mico_100_build/log/placement.log,3917
/nfs/share/home/tongliu/script-eval/build/VexiiRiscv_cacheless_fpu_mico_100/VexiiRiscv_cacheless_fpu_mico_100_build/log/cts.log,3423
/nfs/share/home/tongliu/script-eval/build/VexiiRiscv_cacheless_fpu_mico_100/VexiiRiscv_cacheless_fpu_mico_100_build/log/read_rtl.log,27
/nfs/share/home/tongliu/script-eval/build/VexiiRiscv_cacheless_fpu_mico_100/VexiiRiscv_cacheless_fpu_mico_100_build/log/floorplan.log,734
/nfs/share/home/tongliu/script-eval/build/VexiiRiscv_249_100/VexiiRiscv_249_100_build/log/chipfinish.log,2261
/nfs/share/home/tongliu/script-eval/build/VexiiRiscv_249_100/VexiiRiscv_249_100_build/log/route.log,15587
/nfs/share/home/tongliu/script-eval/build/VexiiRiscv_249_100/VexiiRiscv_249_100_build/log/placement.log,8176
/nfs/share/home/tongliu/script-eval/build/VexiiRiscv_249_100/VexiiRiscv_249_100_build/log/cts.log,28861
/nfs/share/home/tongliu/script-eval/build/VexiiRiscv_249_100/VexiiRiscv_249_100_build/log/read_rtl.log,201
/nfs/share/home/tongliu/script-eval/build/VexiiRiscv_249_100/VexiiRiscv_249_100_build/log/floorplan.log,1906
/nfs/share/home/tongliu/script-eval/build/VexiiRiscv_64_100/VexiiRiscv_64_100_build/log/chipfinish.log,929
/nfs/share/home/tongliu/script-eval/build/VexiiRiscv_64_100/VexiiRiscv_64_100_build/log/route.log,6094
/nfs/share/home/tongliu/script-eval/build/VexiiRiscv_64_100/VexiiRiscv_64_100_build/log/placement.log,5013
/nfs/share/home/tongliu/script-eval/build/VexiiRiscv_64_100/VexiiRiscv_64_100_build/log/cts.log,4487
/nfs/share/home/tongliu/script-eval/build/VexiiRiscv_64_100/VexiiRiscv_64_100_build/log/read_rtl.log,31
/nfs/share/home/tongliu/script-eval/build/VexiiRiscv_64_100/VexiiRiscv_64_100_build/log/floorplan.log,998
/nfs/share/home/tongliu/script-eval/build/VexiiRiscv_206_100/VexiiRiscv_206_100_build/log/chipfinish.log,3957
/nfs/share/home/tongliu/script-eval/build/VexiiRiscv_206_100/VexiiRiscv_206_100_build/log/route.log,27492
/nfs/share/home/tongliu/script-eval/build/VexiiRiscv_206_100/VexiiRiscv_206_100_build/log/placement.log,14774
/nfs/share/home/tongliu/script-eval/build/VexiiRiscv_206_100/VexiiRiscv_206_100_build/log/cts.log,17533
/nfs/share/home/tongliu/script-eval/build/VexiiRiscv_206_100/VexiiRiscv_206_100_build/log/read_rtl.log,141
/nfs/share/home/tongliu/script-eval/build/VexiiRiscv_206_100/VexiiRiscv_206_100_build/log/floorplan.log,3302
/nfs/share/home/tongliu/script-eval/build/VexiiRiscv_349_100/VexiiRiscv_349_100_build/log/placement.log,7534
/nfs/share/home/tongliu/script-eval/build/VexiiRiscv_349_100/VexiiRiscv_349_100_build/log/read_rtl.log,180
/nfs/share/home/tongliu/script-eval/build/VexiiRiscv_349_100/VexiiRiscv_349_100_build/log/floorplan.log,2014
/nfs/share/home/tongliu/script-eval/build/VexiiRiscv_20_100/VexiiRiscv_20_100_build/log/chipfinish.log,7211
/nfs/share/home/tongliu/script-eval/build/VexiiRiscv_20_100/VexiiRiscv_20_100_build/log/route.log,49493
/nfs/share/home/tongliu/script-eval/build/VexiiRiscv_20_100/VexiiRiscv_20_100_build/log/placement.log,26226
/nfs/share/home/tongliu/script-eval/build/VexiiRiscv_20_100/VexiiRiscv_20_100_build/log/cts.log,31092
/nfs/share/home/tongliu/script-eval/build/VexiiRiscv_20_100/VexiiRiscv_20_100_build/log/read_rtl.log,163
/nfs/share/home/tongliu/script-eval/build/VexiiRiscv_20_100/VexiiRiscv_20_100_build/log/floorplan.log,5983
/nfs/share/home/tongliu/script-eval/build/VexiiRiscv_105_100/VexiiRiscv_105_100_build/log/chipfinish.log,1964
/nfs/share/home/tongliu/script-eval/build/VexiiRiscv_105_100/VexiiRiscv_105_100_build/log/route.log,13836
/nfs/share/home/tongliu/script-eval/build/VexiiRiscv_105_100/VexiiRiscv_105_100_build/log/placement.log,8681
/nfs/share/home/tongliu/script-eval/build/VexiiRiscv_105_100/VexiiRiscv_105_100_build/log/cts.log,9469
/nfs/share/home/tongliu/script-eval/build/VexiiRiscv_105_100/VexiiRiscv_105_100_build/log/read_rtl.log,39
/nfs/share/home/tongliu/script-eval/build/VexiiRiscv_105_100/VexiiRiscv_105_100_build/log/floorplan.log,2094
/nfs/share/home/tongliu/script-eval/build/VexiiRiscv_180_100/VexiiRiscv_180_100_build/log/chipfinish.log,2234
/nfs/share/home/tongliu/script-eval/build/VexiiRiscv_180_100/VexiiRiscv_180_100_build/log/route.log,15112
/nfs/share/home/tongliu/script-eval/build/VexiiRiscv_180_100/VexiiRiscv_180_100_build/log/placement.log,9644
/nfs/share/home/tongliu/script-eval/build/VexiiRiscv_180_100/VexiiRiscv_180_100_build/log/cts.log,21182
/nfs/share/home/tongliu/script-eval/build/VexiiRiscv_180_100/VexiiRiscv_180_100_build/log/read_rtl.log,204
/nfs/share/home/tongliu/script-eval/build/VexiiRiscv_180_100/VexiiRiscv_180_100_build/log/floorplan.log,2404
/nfs/share/home/tongliu/script-eval/build/VexiiRiscv_314_100/VexiiRiscv_314_100_build/log/chipfinish.log,2578
/nfs/share/home/tongliu/script-eval/build/VexiiRiscv_314_100/VexiiRiscv_314_100_build/log/route.log,34895
/nfs/share/home/tongliu/script-eval/build/VexiiRiscv_314_100/VexiiRiscv_314_100_build/log/placement.log,10176
/nfs/share/home/tongliu/script-eval/build/VexiiRiscv_314_100/VexiiRiscv_314_100_build/log/cts.log,21513
/nfs/share/home/tongliu/script-eval/build/VexiiRiscv_314_100/VexiiRiscv_314_100_build/log/read_rtl.log,50
/nfs/share/home/tongliu/script-eval/build/VexiiRiscv_314_100/VexiiRiscv_314_100_build/log/floorplan.log,2269
/nfs/share/home/tongliu/script-eval/build/VexiiRiscv_51_100/VexiiRiscv_51_100_build/log/chipfinish.log,2838
/nfs/share/home/tongliu/script-eval/build/VexiiRiscv_51_100/VexiiRiscv_51_100_build/log/route.log,18878
/nfs/share/home/tongliu/script-eval/build/VexiiRiscv_51_100/VexiiRiscv_51_100_build/log/placement.log,11492
/nfs/share/home/tongliu/script-eval/build/VexiiRiscv_51_100/VexiiRiscv_51_100_build/log/cts.log,12253
/nfs/share/home/tongliu/script-eval/build/VexiiRiscv_51_100/VexiiRiscv_51_100_build/log/read_rtl.log,40
/nfs/share/home/tongliu/script-eval/build/VexiiRiscv_51_100/VexiiRiscv_51_100_build/log/floorplan.log,2406
/nfs/share/home/tongliu/script-eval/build/VexiiRiscv_390_100/VexiiRiscv_390_100_build/log/chipfinish.log,5545
/nfs/share/home/tongliu/script-eval/build/VexiiRiscv_390_100/VexiiRiscv_390_100_build/log/route.log,32350
/nfs/share/home/tongliu/script-eval/build/VexiiRiscv_390_100/VexiiRiscv_390_100_build/log/placement.log,16255
/nfs/share/home/tongliu/script-eval/build/VexiiRiscv_390_100/VexiiRiscv_390_100_build/log/cts.log,21726
/nfs/share/home/tongliu/script-eval/build/VexiiRiscv_390_100/VexiiRiscv_390_100_build/log/read_rtl.log,122
/nfs/share/home/tongliu/script-eval/build/VexiiRiscv_390_100/VexiiRiscv_390_100_build/log/floorplan.log,3557
/nfs/share/home/tongliu/script-eval/build/VexiiRiscv_60_100/VexiiRiscv_60_100_build/log/placement.log,67144
/nfs/share/home/tongliu/script-eval/build/VexiiRiscv_60_100/VexiiRiscv_60_100_build/log/read_rtl.log,405
/nfs/share/home/tongliu/script-eval/build/VexiiRiscv_60_100/VexiiRiscv_60_100_build/log/floorplan.log,11163
/nfs/share/home/tongliu/script-eval/build/VexiiRiscv_122_100/VexiiRiscv_122_100_build/log/chipfinish.log,1002
/nfs/share/home/tongliu/script-eval/build/VexiiRiscv_122_100/VexiiRiscv_122_100_build/log/route.log,6437
/nfs/share/home/tongliu/script-eval/build/VexiiRiscv_122_100/VexiiRiscv_122_100_build/log/placement.log,5379
/nfs/share/home/tongliu/script-eval/build/VexiiRiscv_122_100/VexiiRiscv_122_100_build/log/cts.log,5319
/nfs/share/home/tongliu/script-eval/build/VexiiRiscv_122_100/VexiiRiscv_122_100_build/log/read_rtl.log,23
/nfs/share/home/tongliu/script-eval/build/VexiiRiscv_122_100/VexiiRiscv_122_100_build/log/floorplan.log,1050
/nfs/share/home/tongliu/script-eval/build/VexiiRiscv_52_100/VexiiRiscv_52_100_build/log/chipfinish.log,1259
/nfs/share/home/tongliu/script-eval/build/VexiiRiscv_52_100/VexiiRiscv_52_100_build/log/route.log,8374
/nfs/share/home/tongliu/script-eval/build/VexiiRiscv_52_100/VexiiRiscv_52_100_build/log/placement.log,5873
/nfs/share/home/tongliu/script-eval/build/VexiiRiscv_52_100/VexiiRiscv_52_100_build/log/cts.log,5667
/nfs/share/home/tongliu/script-eval/build/VexiiRiscv_52_100/VexiiRiscv_52_100_build/log/read_rtl.log,28
/nfs/share/home/tongliu/script-eval/build/VexiiRiscv_52_100/VexiiRiscv_52_100_build/log/floorplan.log,1291
/nfs/share/home/tongliu/script-eval/build/VexiiRiscv_264_100/VexiiRiscv_264_100_build/log/chipfinish.log,6883
/nfs/share/home/tongliu/script-eval/build/VexiiRiscv_264_100/VexiiRiscv_264_100_build/log/route.log,41544
/nfs/share/home/tongliu/script-eval/build/VexiiRiscv_264_100/VexiiRiscv_264_100_build/log/placement.log,22566
/nfs/share/home/tongliu/script-eval/build/VexiiRiscv_264_100/VexiiRiscv_264_100_build/log/cts.log,24934
/nfs/share/home/tongliu/script-eval/build/VexiiRiscv_264_100/VexiiRiscv_264_100_build/log/read_rtl.log,154
/nfs/share/home/tongliu/script-eval/build/VexiiRiscv_264_100/VexiiRiscv_264_100_build/log/floorplan.log,4687
/nfs/share/home/tongliu/script-eval/build/VexiiRiscv_112_100/VexiiRiscv_112_100_build/log/chipfinish.log,4741
/nfs/share/home/tongliu/script-eval/build/VexiiRiscv_112_100/VexiiRiscv_112_100_build/log/route.log,31805
/nfs/share/home/tongliu/script-eval/build/VexiiRiscv_112_100/VexiiRiscv_112_100_build/log/placement.log,18136
/nfs/share/home/tongliu/script-eval/build/VexiiRiscv_112_100/VexiiRiscv_112_100_build/log/cts.log,24275
/nfs/share/home/tongliu/script-eval/build/VexiiRiscv_112_100/VexiiRiscv_112_100_build/log/read_rtl.log,50
/nfs/share/home/tongliu/script-eval/build/VexiiRiscv_112_100/VexiiRiscv_112_100_build/log/floorplan.log,3864
/nfs/share/home/tongliu/script-eval/build/VexiiRiscv_340_100/VexiiRiscv_340_100_build/log/placement.log,80278
/nfs/share/home/tongliu/script-eval/build/VexiiRiscv_340_100/VexiiRiscv_340_100_build/log/read_rtl.log,345
/nfs/share/home/tongliu/script-eval/build/VexiiRiscv_340_100/VexiiRiscv_340_100_build/log/floorplan.log,15332
/nfs/share/home/tongliu/script-eval/build/VexiiRiscv_50_100/VexiiRiscv_50_100_build/log/chipfinish.log,4582
/nfs/share/home/tongliu/script-eval/build/VexiiRiscv_50_100/VexiiRiscv_50_100_build/log/route.log,49449
/nfs/share/home/tongliu/script-eval/build/VexiiRiscv_50_100/VexiiRiscv_50_100_build/log/placement.log,15337
/nfs/share/home/tongliu/script-eval/build/VexiiRiscv_50_100/VexiiRiscv_50_100_build/log/cts.log,25993
/nfs/share/home/tongliu/script-eval/build/VexiiRiscv_50_100/VexiiRiscv_50_100_build/log/read_rtl.log,76
/nfs/share/home/tongliu/script-eval/build/VexiiRiscv_50_100/VexiiRiscv_50_100_build/log/floorplan.log,3307
/nfs/share/home/tongliu/script-eval/build/VexiiRiscv_333_100/VexiiRiscv_333_100_build/log/chipfinish.log,4286
/nfs/share/home/tongliu/script-eval/build/VexiiRiscv_333_100/VexiiRiscv_333_100_build/log/route.log,38424
/nfs/share/home/tongliu/script-eval/build/VexiiRiscv_333_100/VexiiRiscv_333_100_build/log/placement.log,15856
/nfs/share/home/tongliu/script-eval/build/VexiiRiscv_333_100/VexiiRiscv_333_100_build/log/cts.log,28674
/nfs/share/home/tongliu/script-eval/build/VexiiRiscv_333_100/VexiiRiscv_333_100_build/log/read_rtl.log,216
/nfs/share/home/tongliu/script-eval/build/VexiiRiscv_333_100/VexiiRiscv_333_100_build/log/floorplan.log,3906
/nfs/share/home/tongliu/script-eval/build/VexiiRiscv_281_100/VexiiRiscv_281_100_build/log/chipfinish.log,1683
/nfs/share/home/tongliu/script-eval/build/VexiiRiscv_281_100/VexiiRiscv_281_100_build/log/route.log,10724
/nfs/share/home/tongliu/script-eval/build/VexiiRiscv_281_100/VexiiRiscv_281_100_build/log/placement.log,7618
/nfs/share/home/tongliu/script-eval/build/VexiiRiscv_281_100/VexiiRiscv_281_100_build/log/cts.log,8068
/nfs/share/home/tongliu/script-eval/build/VexiiRiscv_281_100/VexiiRiscv_281_100_build/log/read_rtl.log,31
/nfs/share/home/tongliu/script-eval/build/VexiiRiscv_281_100/VexiiRiscv_281_100_build/log/floorplan.log,1939
/nfs/share/home/tongliu/script-eval/build/VexiiRiscv_199_100/VexiiRiscv_199_100_build/log/chipfinish.log,1050
/nfs/share/home/tongliu/script-eval/build/VexiiRiscv_199_100/VexiiRiscv_199_100_build/log/route.log,6457
/nfs/share/home/tongliu/script-eval/build/VexiiRiscv_199_100/VexiiRiscv_199_100_build/log/placement.log,5841
/nfs/share/home/tongliu/script-eval/build/VexiiRiscv_199_100/VexiiRiscv_199_100_build/log/cts.log,5556
/nfs/share/home/tongliu/script-eval/build/VexiiRiscv_199_100/VexiiRiscv_199_100_build/log/read_rtl.log,24
/nfs/share/home/tongliu/script-eval/build/VexiiRiscv_199_100/VexiiRiscv_199_100_build/log/floorplan.log,1099
/nfs/share/home/tongliu/script-eval/build/VexiiRiscv_226_100/VexiiRiscv_226_100_build/log/chipfinish.log,2098
/nfs/share/home/tongliu/script-eval/build/VexiiRiscv_226_100/VexiiRiscv_226_100_build/log/route.log,11079
/nfs/share/home/tongliu/script-eval/build/VexiiRiscv_226_100/VexiiRiscv_226_100_build/log/placement.log,7449
/nfs/share/home/tongliu/script-eval/build/VexiiRiscv_226_100/VexiiRiscv_226_100_build/log/cts.log,8626
/nfs/share/home/tongliu/script-eval/build/VexiiRiscv_226_100/VexiiRiscv_226_100_build/log/read_rtl.log,107
/nfs/share/home/tongliu/script-eval/build/VexiiRiscv_226_100/VexiiRiscv_226_100_build/log/floorplan.log,1799
/nfs/share/home/tongliu/script-eval/build/VexiiRiscv_cacheless_mico_100/VexiiRiscv_cacheless_mico_100_build.bk/log/chipfinish.log,389
/nfs/share/home/tongliu/script-eval/build/VexiiRiscv_cacheless_mico_100/VexiiRiscv_cacheless_mico_100_build.bk/log/route.log,2033
/nfs/share/home/tongliu/script-eval/build/VexiiRiscv_cacheless_mico_100/VexiiRiscv_cacheless_mico_100_build.bk/log/placement.log,3064
/nfs/share/home/tongliu/script-eval/build/VexiiRiscv_cacheless_mico_100/VexiiRiscv_cacheless_mico_100_build.bk/log/cts.log,2266
/nfs/share/home/tongliu/script-eval/build/VexiiRiscv_cacheless_mico_100/VexiiRiscv_cacheless_mico_100_build.bk/log/read_rtl.log,24
/nfs/share/home/tongliu/script-eval/build/VexiiRiscv_cacheless_mico_100/VexiiRiscv_cacheless_mico_100_build.bk/log/floorplan.log,630
/nfs/share/home/tongliu/script-eval/build/VexiiRiscv_cacheless_mico_100/VexiiRiscv_cacheless_mico_100_build/log/chipfinish.log,396
/nfs/share/home/tongliu/script-eval/build/VexiiRiscv_cacheless_mico_100/VexiiRiscv_cacheless_mico_100_build/log/route.log,2134
/nfs/share/home/tongliu/script-eval/build/VexiiRiscv_cacheless_mico_100/VexiiRiscv_cacheless_mico_100_build/log/placement.log,2716
/nfs/share/home/tongliu/script-eval/build/VexiiRiscv_cacheless_mico_100/VexiiRiscv_cacheless_mico_100_build/log/cts.log,2278
/nfs/share/home/tongliu/script-eval/build/VexiiRiscv_cacheless_mico_100/VexiiRiscv_cacheless_mico_100_build/log/read_rtl.log,21
/nfs/share/home/tongliu/script-eval/build/VexiiRiscv_cacheless_mico_100/VexiiRiscv_cacheless_mico_100_build/log/floorplan.log,633
/nfs/share/home/tongliu/script-eval/build/VexiiRiscv_230_100/VexiiRiscv_230_100_build/log/chipfinish.log,6074
/nfs/share/home/tongliu/script-eval/build/VexiiRiscv_230_100/VexiiRiscv_230_100_build/log/route.log,54754
/nfs/share/home/tongliu/script-eval/build/VexiiRiscv_230_100/VexiiRiscv_230_100_build/log/placement.log,18797
/nfs/share/home/tongliu/script-eval/build/VexiiRiscv_230_100/VexiiRiscv_230_100_build/log/cts.log,32368
/nfs/share/home/tongliu/script-eval/build/VexiiRiscv_230_100/VexiiRiscv_230_100_build/log/read_rtl.log,162
/nfs/share/home/tongliu/script-eval/build/VexiiRiscv_230_100/VexiiRiscv_230_100_build/log/floorplan.log,4327
/nfs/share/home/tongliu/script-eval/build/VexiiRiscv_404_100/VexiiRiscv_404_100_build/log/placement.log,4005
/nfs/share/home/tongliu/script-eval/build/VexiiRiscv_404_100/VexiiRiscv_404_100_build/log/cts.log,3853
/nfs/share/home/tongliu/script-eval/build/VexiiRiscv_404_100/VexiiRiscv_404_100_build/log/read_rtl.log,23
/nfs/share/home/tongliu/script-eval/build/VexiiRiscv_404_100/VexiiRiscv_404_100_build/log/floorplan.log,916
/nfs/share/home/tongliu/script-eval/build/VexiiRiscv_158_100/VexiiRiscv_158_100_build/log/chipfinish.log,1128
/nfs/share/home/tongliu/script-eval/build/VexiiRiscv_158_100/VexiiRiscv_158_100_build/log/route.log,7715
/nfs/share/home/tongliu/script-eval/build/VexiiRiscv_158_100/VexiiRiscv_158_100_build/log/placement.log,5672
/nfs/share/home/tongliu/script-eval/build/VexiiRiscv_158_100/VexiiRiscv_158_100_build/log/cts.log,5459
/nfs/share/home/tongliu/script-eval/build/VexiiRiscv_158_100/VexiiRiscv_158_100_build/log/read_rtl.log,28
/nfs/share/home/tongliu/script-eval/build/VexiiRiscv_158_100/VexiiRiscv_158_100_build/log/floorplan.log,1298
/nfs/share/home/tongliu/script-eval/build/VexiiRiscv_165_100/VexiiRiscv_165_100_build/log/chipfinish.log,1868
/nfs/share/home/tongliu/script-eval/build/VexiiRiscv_165_100/VexiiRiscv_165_100_build/log/route.log,12078
/nfs/share/home/tongliu/script-eval/build/VexiiRiscv_165_100/VexiiRiscv_165_100_build/log/placement.log,9585
/nfs/share/home/tongliu/script-eval/build/VexiiRiscv_165_100/VexiiRiscv_165_100_build/log/cts.log,7949
/nfs/share/home/tongliu/script-eval/build/VexiiRiscv_165_100/VexiiRiscv_165_100_build/log/read_rtl.log,399
/nfs/share/home/tongliu/script-eval/build/VexiiRiscv_165_100/VexiiRiscv_165_100_build/log/floorplan.log,3187
/nfs/share/home/tongliu/script-eval/build/VexiiRiscv_18_100/VexiiRiscv_18_100_build/log/chipfinish.log,861
/nfs/share/home/tongliu/script-eval/build/VexiiRiscv_18_100/VexiiRiscv_18_100_build/log/route.log,5246
/nfs/share/home/tongliu/script-eval/build/VexiiRiscv_18_100/VexiiRiscv_18_100_build/log/placement.log,4288
/nfs/share/home/tongliu/script-eval/build/VexiiRiscv_18_100/VexiiRiscv_18_100_build/log/cts.log,3978
/nfs/share/home/tongliu/script-eval/build/VexiiRiscv_18_100/VexiiRiscv_18_100_build/log/read_rtl.log,27
/nfs/share/home/tongliu/script-eval/build/VexiiRiscv_18_100/VexiiRiscv_18_100_build/log/floorplan.log,932
/nfs/share/home/tongliu/script-eval/build/VexiiRiscv_197_100/VexiiRiscv_197_100_build/log/chipfinish.log,2545
/nfs/share/home/tongliu/script-eval/build/VexiiRiscv_197_100/VexiiRiscv_197_100_build/log/route.log,18476
/nfs/share/home/tongliu/script-eval/build/VexiiRiscv_197_100/VexiiRiscv_197_100_build/log/placement.log,10043
/nfs/share/home/tongliu/script-eval/build/VexiiRiscv_197_100/VexiiRiscv_197_100_build/log/cts.log,23687
/nfs/share/home/tongliu/script-eval/build/VexiiRiscv_197_100/VexiiRiscv_197_100_build/log/read_rtl.log,185
/nfs/share/home/tongliu/script-eval/build/VexiiRiscv_197_100/VexiiRiscv_197_100_build/log/floorplan.log,2758
/nfs/share/home/tongliu/script-eval/build/VexiiRiscv_228_100/VexiiRiscv_228_100_build/log/chipfinish.log,1806
/nfs/share/home/tongliu/script-eval/build/VexiiRiscv_228_100/VexiiRiscv_228_100_build/log/route.log,11097
/nfs/share/home/tongliu/script-eval/build/VexiiRiscv_228_100/VexiiRiscv_228_100_build/log/placement.log,6543
/nfs/share/home/tongliu/script-eval/build/VexiiRiscv_228_100/VexiiRiscv_228_100_build/log/cts.log,8016
/nfs/share/home/tongliu/script-eval/build/VexiiRiscv_228_100/VexiiRiscv_228_100_build/log/read_rtl.log,28
/nfs/share/home/tongliu/script-eval/build/VexiiRiscv_228_100/VexiiRiscv_228_100_build/log/floorplan.log,1521
/nfs/share/home/tongliu/script-eval/build/VexiiRiscv_177_100/VexiiRiscv_177_100_build/log/chipfinish.log,6515
/nfs/share/home/tongliu/script-eval/build/VexiiRiscv_177_100/VexiiRiscv_177_100_build/log/route.log,37971
/nfs/share/home/tongliu/script-eval/build/VexiiRiscv_177_100/VexiiRiscv_177_100_build/log/placement.log,21782
/nfs/share/home/tongliu/script-eval/build/VexiiRiscv_177_100/VexiiRiscv_177_100_build/log/cts.log,37393
/nfs/share/home/tongliu/script-eval/build/VexiiRiscv_177_100/VexiiRiscv_177_100_build/log/read_rtl.log,230
/nfs/share/home/tongliu/script-eval/build/VexiiRiscv_177_100/VexiiRiscv_177_100_build/log/floorplan.log,5180
/nfs/share/home/tongliu/script-eval/build/VexiiRiscv_156_100/VexiiRiscv_156_100_build/log/chipfinish.log,511
/nfs/share/home/tongliu/script-eval/build/VexiiRiscv_156_100/VexiiRiscv_156_100_build/log/route.log,3028
/nfs/share/home/tongliu/script-eval/build/VexiiRiscv_156_100/VexiiRiscv_156_100_build/log/placement.log,2908
/nfs/share/home/tongliu/script-eval/build/VexiiRiscv_156_100/VexiiRiscv_156_100_build/log/cts.log,3046
/nfs/share/home/tongliu/script-eval/build/VexiiRiscv_156_100/VexiiRiscv_156_100_build/log/read_rtl.log,24
/nfs/share/home/tongliu/script-eval/build/VexiiRiscv_156_100/VexiiRiscv_156_100_build/log/floorplan.log,684
/nfs/share/home/tongliu/script-eval/build/VexiiRiscv_34_100/VexiiRiscv_34_100_build/log/chipfinish.log,2423
/nfs/share/home/tongliu/script-eval/build/VexiiRiscv_34_100/VexiiRiscv_34_100_build/log/route.log,16677
/nfs/share/home/tongliu/script-eval/build/VexiiRiscv_34_100/VexiiRiscv_34_100_build/log/placement.log,8699
/nfs/share/home/tongliu/script-eval/build/VexiiRiscv_34_100/VexiiRiscv_34_100_build/log/cts.log,10596
/nfs/share/home/tongliu/script-eval/build/VexiiRiscv_34_100/VexiiRiscv_34_100_build/log/read_rtl.log,44
/nfs/share/home/tongliu/script-eval/build/VexiiRiscv_34_100/VexiiRiscv_34_100_build/log/floorplan.log,2096
/nfs/share/home/tongliu/script-eval/build/VexiiRiscv_107_100/VexiiRiscv_107_100_build/log/chipfinish.log,1598
/nfs/share/home/tongliu/script-eval/build/VexiiRiscv_107_100/VexiiRiscv_107_100_build/log/route.log,10700
/nfs/share/home/tongliu/script-eval/build/VexiiRiscv_107_100/VexiiRiscv_107_100_build/log/placement.log,7091
/nfs/share/home/tongliu/script-eval/build/VexiiRiscv_107_100/VexiiRiscv_107_100_build/log/cts.log,7688
/nfs/share/home/tongliu/script-eval/build/VexiiRiscv_107_100/VexiiRiscv_107_100_build/log/read_rtl.log,99
/nfs/share/home/tongliu/script-eval/build/VexiiRiscv_107_100/VexiiRiscv_107_100_build/log/floorplan.log,1679
/nfs/share/home/tongliu/script-eval/build/VexiiRiscv_348_100/VexiiRiscv_348_100_build/log/chipfinish.log,861
/nfs/share/home/tongliu/script-eval/build/VexiiRiscv_348_100/VexiiRiscv_348_100_build/log/route.log,5376
/nfs/share/home/tongliu/script-eval/build/VexiiRiscv_348_100/VexiiRiscv_348_100_build/log/placement.log,5313
/nfs/share/home/tongliu/script-eval/build/VexiiRiscv_348_100/VexiiRiscv_348_100_build/log/cts.log,4563
/nfs/share/home/tongliu/script-eval/build/VexiiRiscv_348_100/VexiiRiscv_348_100_build/log/read_rtl.log,23
/nfs/share/home/tongliu/script-eval/build/VexiiRiscv_348_100/VexiiRiscv_348_100_build/log/floorplan.log,954
/nfs/share/home/tongliu/script-eval/build/VexiiRiscv_245_100/VexiiRiscv_245_100_build/log/chipfinish.log,857
/nfs/share/home/tongliu/script-eval/build/VexiiRiscv_245_100/VexiiRiscv_245_100_build/log/route.log,4972
/nfs/share/home/tongliu/script-eval/build/VexiiRiscv_245_100/VexiiRiscv_245_100_build/log/placement.log,4076
/nfs/share/home/tongliu/script-eval/build/VexiiRiscv_245_100/VexiiRiscv_245_100_build/log/cts.log,4050
/nfs/share/home/tongliu/script-eval/build/VexiiRiscv_245_100/VexiiRiscv_245_100_build/log/read_rtl.log,22
/nfs/share/home/tongliu/script-eval/build/VexiiRiscv_245_100/VexiiRiscv_245_100_build/log/floorplan.log,916
/nfs/share/home/tongliu/script-eval/build/VexiiRiscv_182_100/VexiiRiscv_182_100_build/log/chipfinish.log,5708
/nfs/share/home/tongliu/script-eval/build/VexiiRiscv_182_100/VexiiRiscv_182_100_build/log/route.log,41747
/nfs/share/home/tongliu/script-eval/build/VexiiRiscv_182_100/VexiiRiscv_182_100_build/log/placement.log,18858
/nfs/share/home/tongliu/script-eval/build/VexiiRiscv_182_100/VexiiRiscv_182_100_build/log/cts.log,27612
/nfs/share/home/tongliu/script-eval/build/VexiiRiscv_182_100/VexiiRiscv_182_100_build/log/read_rtl.log,144
/nfs/share/home/tongliu/script-eval/build/VexiiRiscv_182_100/VexiiRiscv_182_100_build/log/floorplan.log,4637
/nfs/share/home/tongliu/script-eval/build/VexiiRiscv_401_100/VexiiRiscv_401_100_build/log/chipfinish.log,428
/nfs/share/home/tongliu/script-eval/build/VexiiRiscv_401_100/VexiiRiscv_401_100_build/log/route.log,1847
/nfs/share/home/tongliu/script-eval/build/VexiiRiscv_401_100/VexiiRiscv_401_100_build/log/placement.log,3022
/nfs/share/home/tongliu/script-eval/build/VexiiRiscv_401_100/VexiiRiscv_401_100_build/log/cts.log,2435
/nfs/share/home/tongliu/script-eval/build/VexiiRiscv_401_100/VexiiRiscv_401_100_build/log/read_rtl.log,20
/nfs/share/home/tongliu/script-eval/build/VexiiRiscv_401_100/VexiiRiscv_401_100_build/log/floorplan.log,669
/nfs/share/home/tongliu/script-eval/build/VexiiRiscv_14_100/VexiiRiscv_14_100_build/log/chipfinish.log,1300
/nfs/share/home/tongliu/script-eval/build/VexiiRiscv_14_100/VexiiRiscv_14_100_build/log/route.log,9029
/nfs/share/home/tongliu/script-eval/build/VexiiRiscv_14_100/VexiiRiscv_14_100_build/log/placement.log,6203
/nfs/share/home/tongliu/script-eval/build/VexiiRiscv_14_100/VexiiRiscv_14_100_build/log/cts.log,5892
/nfs/share/home/tongliu/script-eval/build/VexiiRiscv_14_100/VexiiRiscv_14_100_build/log/read_rtl.log,30
/nfs/share/home/tongliu/script-eval/build/VexiiRiscv_14_100/VexiiRiscv_14_100_build/log/floorplan.log,1388
/nfs/share/home/tongliu/script-eval/build/VexiiRiscv_203_100/VexiiRiscv_203_100_build/log/chipfinish.log,5824
/nfs/share/home/tongliu/script-eval/build/VexiiRiscv_203_100/VexiiRiscv_203_100_build/log/route.log,38651
/nfs/share/home/tongliu/script-eval/build/VexiiRiscv_203_100/VexiiRiscv_203_100_build/log/placement.log,23215
/nfs/share/home/tongliu/script-eval/build/VexiiRiscv_203_100/VexiiRiscv_203_100_build/log/cts.log,23675
/nfs/share/home/tongliu/script-eval/build/VexiiRiscv_203_100/VexiiRiscv_203_100_build/log/read_rtl.log,491
/nfs/share/home/tongliu/script-eval/build/VexiiRiscv_203_100/VexiiRiscv_203_100_build/log/floorplan.log,6122
/nfs/share/home/tongliu/script-eval/build/VexiiRiscv_162_100/VexiiRiscv_162_100_build/log/chipfinish.log,12926
/nfs/share/home/tongliu/script-eval/build/VexiiRiscv_162_100/VexiiRiscv_162_100_build/log/route.log,75473
/nfs/share/home/tongliu/script-eval/build/VexiiRiscv_162_100/VexiiRiscv_162_100_build/log/placement.log,43904
/nfs/share/home/tongliu/script-eval/build/VexiiRiscv_162_100/VexiiRiscv_162_100_build/log/cts.log,48933
/nfs/share/home/tongliu/script-eval/build/VexiiRiscv_162_100/VexiiRiscv_162_100_build/log/read_rtl.log,181
/nfs/share/home/tongliu/script-eval/build/VexiiRiscv_162_100/VexiiRiscv_162_100_build/log/floorplan.log,8411
/nfs/share/home/tongliu/script-eval/build/VexiiRiscv_287_100/VexiiRiscv_287_100_build/log/chipfinish.log,1620
/nfs/share/home/tongliu/script-eval/build/VexiiRiscv_287_100/VexiiRiscv_287_100_build/log/route.log,10207
/nfs/share/home/tongliu/script-eval/build/VexiiRiscv_287_100/VexiiRiscv_287_100_build/log/placement.log,7903
/nfs/share/home/tongliu/script-eval/build/VexiiRiscv_287_100/VexiiRiscv_287_100_build/log/cts.log,7527
/nfs/share/home/tongliu/script-eval/build/VexiiRiscv_287_100/VexiiRiscv_287_100_build/log/read_rtl.log,357
/nfs/share/home/tongliu/script-eval/build/VexiiRiscv_287_100/VexiiRiscv_287_100_build/log/floorplan.log,2709
/nfs/share/home/tongliu/script-eval/build/VexiiRiscv_301_100/VexiiRiscv_301_100_build/log/chipfinish.log,2297
/nfs/share/home/tongliu/script-eval/build/VexiiRiscv_301_100/VexiiRiscv_301_100_build/log/route.log,14113
/nfs/share/home/tongliu/script-eval/build/VexiiRiscv_301_100/VexiiRiscv_301_100_build/log/placement.log,9437
/nfs/share/home/tongliu/script-eval/build/VexiiRiscv_301_100/VexiiRiscv_301_100_build/log/cts.log,9689
/nfs/share/home/tongliu/script-eval/build/VexiiRiscv_301_100/VexiiRiscv_301_100_build/log/read_rtl.log,103
/nfs/share/home/tongliu/script-eval/build/VexiiRiscv_301_100/VexiiRiscv_301_100_build/log/floorplan.log,2400
/nfs/share/home/tongliu/script-eval/build/VexiiRiscv_170_100/VexiiRiscv_170_100_build/log/chipfinish.log,633
/nfs/share/home/tongliu/script-eval/build/VexiiRiscv_170_100/VexiiRiscv_170_100_build/log/route.log,3654
/nfs/share/home/tongliu/script-eval/build/VexiiRiscv_170_100/VexiiRiscv_170_100_build/log/placement.log,3650
/nfs/share/home/tongliu/script-eval/build/VexiiRiscv_170_100/VexiiRiscv_170_100_build/log/cts.log,3333
/nfs/share/home/tongliu/script-eval/build/VexiiRiscv_170_100/VexiiRiscv_170_100_build/log/read_rtl.log,21
/nfs/share/home/tongliu/script-eval/build/VexiiRiscv_170_100/VexiiRiscv_170_100_build/log/floorplan.log,764
/nfs/share/home/tongliu/script-eval/build/VexiiRiscv_23_100/VexiiRiscv_23_100_build/log/chipfinish.log,2763
/nfs/share/home/tongliu/script-eval/build/VexiiRiscv_23_100/VexiiRiscv_23_100_build/log/route.log,21013
/nfs/share/home/tongliu/script-eval/build/VexiiRiscv_23_100/VexiiRiscv_23_100_build/log/placement.log,12066
/nfs/share/home/tongliu/script-eval/build/VexiiRiscv_23_100/VexiiRiscv_23_100_build/log/cts.log,12892
/nfs/share/home/tongliu/script-eval/build/VexiiRiscv_23_100/VexiiRiscv_23_100_build/log/read_rtl.log,119
/nfs/share/home/tongliu/script-eval/build/VexiiRiscv_23_100/VexiiRiscv_23_100_build/log/floorplan.log,3016
/nfs/share/home/tongliu/script-eval/build/VexiiRiscv_153_100/VexiiRiscv_153_100_build/log/chipfinish.log,1075
/nfs/share/home/tongliu/script-eval/build/VexiiRiscv_153_100/VexiiRiscv_153_100_build/log/route.log,7033
/nfs/share/home/tongliu/script-eval/build/VexiiRiscv_153_100/VexiiRiscv_153_100_build/log/placement.log,5322
/nfs/share/home/tongliu/script-eval/build/VexiiRiscv_153_100/VexiiRiscv_153_100_build/log/cts.log,6098
/nfs/share/home/tongliu/script-eval/build/VexiiRiscv_153_100/VexiiRiscv_153_100_build/log/read_rtl.log,25
/nfs/share/home/tongliu/script-eval/build/VexiiRiscv_153_100/VexiiRiscv_153_100_build/log/floorplan.log,1184
/nfs/share/home/tongliu/script-eval/build/VexiiRiscv_72_100/VexiiRiscv_72_100_build/log/chipfinish.log,2954
/nfs/share/home/tongliu/script-eval/build/VexiiRiscv_72_100/VexiiRiscv_72_100_build/log/route.log,21078
/nfs/share/home/tongliu/script-eval/build/VexiiRiscv_72_100/VexiiRiscv_72_100_build/log/placement.log,12908
/nfs/share/home/tongliu/script-eval/build/VexiiRiscv_72_100/VexiiRiscv_72_100_build/log/cts.log,14254
/nfs/share/home/tongliu/script-eval/build/VexiiRiscv_72_100/VexiiRiscv_72_100_build/log/read_rtl.log,451
/nfs/share/home/tongliu/script-eval/build/VexiiRiscv_72_100/VexiiRiscv_72_100_build/log/floorplan.log,3972
/nfs/share/home/tongliu/script-eval/build/VexiiRiscv_86_100/VexiiRiscv_86_100_build/log/chipfinish.log,507
/nfs/share/home/tongliu/script-eval/build/VexiiRiscv_86_100/VexiiRiscv_86_100_build/log/route.log,3041
/nfs/share/home/tongliu/script-eval/build/VexiiRiscv_86_100/VexiiRiscv_86_100_build/log/placement.log,3065
/nfs/share/home/tongliu/script-eval/build/VexiiRiscv_86_100/VexiiRiscv_86_100_build/log/cts.log,2929
/nfs/share/home/tongliu/script-eval/build/VexiiRiscv_86_100/VexiiRiscv_86_100_build/log/read_rtl.log,23
/nfs/share/home/tongliu/script-eval/build/VexiiRiscv_86_100/VexiiRiscv_86_100_build/log/floorplan.log,675
/nfs/share/home/tongliu/script-eval/build/VexiiRiscv_389_100/VexiiRiscv_389_100_build/log/placement.log,8866
/nfs/share/home/tongliu/script-eval/build/VexiiRiscv_389_100/VexiiRiscv_389_100_build/log/read_rtl.log,181
/nfs/share/home/tongliu/script-eval/build/VexiiRiscv_389_100/VexiiRiscv_389_100_build/log/floorplan.log,2157
/nfs/share/home/tongliu/script-eval/build/VexiiRiscv_cache_small_mico_100/VexiiRiscv_cache_small_mico_100_build/log/chipfinish.log,3208
/nfs/share/home/tongliu/script-eval/build/VexiiRiscv_cache_small_mico_100/VexiiRiscv_cache_small_mico_100_build/log/route.log,20564
/nfs/share/home/tongliu/script-eval/build/VexiiRiscv_cache_small_mico_100/VexiiRiscv_cache_small_mico_100_build/log/placement.log,12175
/nfs/share/home/tongliu/script-eval/build/VexiiRiscv_cache_small_mico_100/VexiiRiscv_cache_small_mico_100_build/log/cts.log,13142
/nfs/share/home/tongliu/script-eval/build/VexiiRiscv_cache_small_mico_100/VexiiRiscv_cache_small_mico_100_build/log/read_rtl.log,64
/nfs/share/home/tongliu/script-eval/build/VexiiRiscv_cache_small_mico_100/VexiiRiscv_cache_small_mico_100_build/log/floorplan.log,2633
/nfs/share/home/tongliu/script-eval/build/VexiiRiscv_128_100/VexiiRiscv_128_100_build/log/chipfinish.log,1130
/nfs/share/home/tongliu/script-eval/build/VexiiRiscv_128_100/VexiiRiscv_128_100_build/log/route.log,7778
/nfs/share/home/tongliu/script-eval/build/VexiiRiscv_128_100/VexiiRiscv_128_100_build/log/placement.log,5781
/nfs/share/home/tongliu/script-eval/build/VexiiRiscv_128_100/VexiiRiscv_128_100_build/log/cts.log,5613
/nfs/share/home/tongliu/script-eval/build/VexiiRiscv_128_100/VexiiRiscv_128_100_build/log/read_rtl.log,25
/nfs/share/home/tongliu/script-eval/build/VexiiRiscv_128_100/VexiiRiscv_128_100_build/log/floorplan.log,1173
/nfs/share/home/tongliu/script-eval/build/VexiiRiscv_388_100/VexiiRiscv_388_100_build/log/chipfinish.log,1408
/nfs/share/home/tongliu/script-eval/build/VexiiRiscv_388_100/VexiiRiscv_388_100_build/log/route.log,8879
/nfs/share/home/tongliu/script-eval/build/VexiiRiscv_388_100/VexiiRiscv_388_100_build/log/placement.log,6343
/nfs/share/home/tongliu/script-eval/build/VexiiRiscv_388_100/VexiiRiscv_388_100_build/log/cts.log,6338
/nfs/share/home/tongliu/script-eval/build/VexiiRiscv_388_100/VexiiRiscv_388_100_build/log/read_rtl.log,26
/nfs/share/home/tongliu/script-eval/build/VexiiRiscv_388_100/VexiiRiscv_388_100_build/log/floorplan.log,1333
/nfs/share/home/tongliu/script-eval/build/VexiiRiscv_136_100/VexiiRiscv_136_100_build/log/chipfinish.log,3120
/nfs/share/home/tongliu/script-eval/build/VexiiRiscv_136_100/VexiiRiscv_136_100_build/log/route.log,19457
/nfs/share/home/tongliu/script-eval/build/VexiiRiscv_136_100/VexiiRiscv_136_100_build/log/placement.log,12777
/nfs/share/home/tongliu/script-eval/build/VexiiRiscv_136_100/VexiiRiscv_136_100_build/log/cts.log,13675
/nfs/share/home/tongliu/script-eval/build/VexiiRiscv_136_100/VexiiRiscv_136_100_build/log/read_rtl.log,45
/nfs/share/home/tongliu/script-eval/build/VexiiRiscv_136_100/VexiiRiscv_136_100_build/log/floorplan.log,2679
/nfs/share/home/tongliu/script-eval/build/VexiiRiscv_293_100/VexiiRiscv_293_100_build/log/chipfinish.log,2571
/nfs/share/home/tongliu/script-eval/build/VexiiRiscv_293_100/VexiiRiscv_293_100_build/log/route.log,15716
/nfs/share/home/tongliu/script-eval/build/VexiiRiscv_293_100/VexiiRiscv_293_100_build/log/placement.log,9789
/nfs/share/home/tongliu/script-eval/build/VexiiRiscv_293_100/VexiiRiscv_293_100_build/log/cts.log,10661
/nfs/share/home/tongliu/script-eval/build/VexiiRiscv_293_100/VexiiRiscv_293_100_build/log/read_rtl.log,115
/nfs/share/home/tongliu/script-eval/build/VexiiRiscv_293_100/VexiiRiscv_293_100_build/log/floorplan.log,2691
/nfs/share/home/tongliu/script-eval/build/VexiiRiscv_339_100/VexiiRiscv_339_100_build/log/chipfinish.log,1130
/nfs/share/home/tongliu/script-eval/build/VexiiRiscv_339_100/VexiiRiscv_339_100_build/log/route.log,8732
/nfs/share/home/tongliu/script-eval/build/VexiiRiscv_339_100/VexiiRiscv_339_100_build/log/placement.log,5101
/nfs/share/home/tongliu/script-eval/build/VexiiRiscv_339_100/VexiiRiscv_339_100_build/log/cts.log,5559
/nfs/share/home/tongliu/script-eval/build/VexiiRiscv_339_100/VexiiRiscv_339_100_build/log/read_rtl.log,41
/nfs/share/home/tongliu/script-eval/build/VexiiRiscv_339_100/VexiiRiscv_339_100_build/log/floorplan.log,1421
/nfs/share/home/tongliu/script-eval/build/VexiiRiscv_216_100/VexiiRiscv_216_100_build/log/chipfinish.log,3322
/nfs/share/home/tongliu/script-eval/build/VexiiRiscv_216_100/VexiiRiscv_216_100_build/log/route.log,20681
/nfs/share/home/tongliu/script-eval/build/VexiiRiscv_216_100/VexiiRiscv_216_100_build/log/placement.log,11469
/nfs/share/home/tongliu/script-eval/build/VexiiRiscv_216_100/VexiiRiscv_216_100_build/log/cts.log,19110
/nfs/share/home/tongliu/script-eval/build/VexiiRiscv_216_100/VexiiRiscv_216_100_build/log/read_rtl.log,244
/nfs/share/home/tongliu/script-eval/build/VexiiRiscv_216_100/VexiiRiscv_216_100_build/log/floorplan.log,3087
/nfs/share/home/tongliu/script-eval/build/VexiiRiscv_361_100/VexiiRiscv_361_100_build/log/chipfinish.log,724
/nfs/share/home/tongliu/script-eval/build/VexiiRiscv_361_100/VexiiRiscv_361_100_build/log/route.log,4439
/nfs/share/home/tongliu/script-eval/build/VexiiRiscv_361_100/VexiiRiscv_361_100_build/log/placement.log,4706
/nfs/share/home/tongliu/script-eval/build/VexiiRiscv_361_100/VexiiRiscv_361_100_build/log/cts.log,3608
/nfs/share/home/tongliu/script-eval/build/VexiiRiscv_361_100/VexiiRiscv_361_100_build/log/read_rtl.log,22
/nfs/share/home/tongliu/script-eval/build/VexiiRiscv_361_100/VexiiRiscv_361_100_build/log/floorplan.log,859
/nfs/share/home/tongliu/script-eval/build/VexiiRiscv_144_100/VexiiRiscv_144_100_build/log/chipfinish.log,595
/nfs/share/home/tongliu/script-eval/build/VexiiRiscv_144_100/VexiiRiscv_144_100_build/log/route.log,3646
/nfs/share/home/tongliu/script-eval/build/VexiiRiscv_144_100/VexiiRiscv_144_100_build/log/placement.log,3911
/nfs/share/home/tongliu/script-eval/build/VexiiRiscv_144_100/VexiiRiscv_144_100_build/log/cts.log,3498
/nfs/share/home/tongliu/script-eval/build/VexiiRiscv_144_100/VexiiRiscv_144_100_build/log/read_rtl.log,21
/nfs/share/home/tongliu/script-eval/build/VexiiRiscv_144_100/VexiiRiscv_144_100_build/log/floorplan.log,764
/nfs/share/home/tongliu/script-eval/build/VexiiRiscv_248_100/VexiiRiscv_248_100_build/log/chipfinish.log,1069
/nfs/share/home/tongliu/script-eval/build/VexiiRiscv_248_100/VexiiRiscv_248_100_build/log/route.log,6843
/nfs/share/home/tongliu/script-eval/build/VexiiRiscv_248_100/VexiiRiscv_248_100_build/log/placement.log,4828
/nfs/share/home/tongliu/script-eval/build/VexiiRiscv_248_100/VexiiRiscv_248_100_build/log/cts.log,4745
/nfs/share/home/tongliu/script-eval/build/VexiiRiscv_248_100/VexiiRiscv_248_100_build/log/read_rtl.log,27
/nfs/share/home/tongliu/script-eval/build/VexiiRiscv_248_100/VexiiRiscv_248_100_build/log/floorplan.log,1128
/nfs/share/home/tongliu/script-eval/build/VexiiRiscv_5_100/VexiiRiscv_5_100_build/log/chipfinish.log,759
/nfs/share/home/tongliu/script-eval/build/VexiiRiscv_5_100/VexiiRiscv_5_100_build/log/route.log,4954
/nfs/share/home/tongliu/script-eval/build/VexiiRiscv_5_100/VexiiRiscv_5_100_build/log/placement.log,4287
/nfs/share/home/tongliu/script-eval/build/VexiiRiscv_5_100/VexiiRiscv_5_100_build/log/cts.log,3780
/nfs/share/home/tongliu/script-eval/build/VexiiRiscv_5_100/VexiiRiscv_5_100_build/log/read_rtl.log,24
/nfs/share/home/tongliu/script-eval/build/VexiiRiscv_5_100/VexiiRiscv_5_100_build/log/floorplan.log,904
/nfs/share/home/tongliu/script-eval/build/VexiiRiscv_126_100/VexiiRiscv_126_100_build/log/chipfinish.log,899
/nfs/share/home/tongliu/script-eval/build/VexiiRiscv_126_100/VexiiRiscv_126_100_build/log/route.log,5187
/nfs/share/home/tongliu/script-eval/build/VexiiRiscv_126_100/VexiiRiscv_126_100_build/log/placement.log,4381
/nfs/share/home/tongliu/script-eval/build/VexiiRiscv_126_100/VexiiRiscv_126_100_build/log/cts.log,4461
/nfs/share/home/tongliu/script-eval/build/VexiiRiscv_126_100/VexiiRiscv_126_100_build/log/read_rtl.log,23
/nfs/share/home/tongliu/script-eval/build/VexiiRiscv_126_100/VexiiRiscv_126_100_build/log/floorplan.log,996
/nfs/share/home/tongliu/script-eval/build/VexiiRiscv_368_100/VexiiRiscv_368_100_build/log/chipfinish.log,3101
/nfs/share/home/tongliu/script-eval/build/VexiiRiscv_368_100/VexiiRiscv_368_100_build/log/route.log,19945
/nfs/share/home/tongliu/script-eval/build/VexiiRiscv_368_100/VexiiRiscv_368_100_build/log/placement.log,10959
/nfs/share/home/tongliu/script-eval/build/VexiiRiscv_368_100/VexiiRiscv_368_100_build/log/cts.log,13951
/nfs/share/home/tongliu/script-eval/build/VexiiRiscv_368_100/VexiiRiscv_368_100_build/log/read_rtl.log,48
/nfs/share/home/tongliu/script-eval/build/VexiiRiscv_368_100/VexiiRiscv_368_100_build/log/floorplan.log,2396
/nfs/share/home/tongliu/script-eval/build/VexiiRiscv_379_100/VexiiRiscv_379_100_build/log/chipfinish.log,2523
/nfs/share/home/tongliu/script-eval/build/VexiiRiscv_379_100/VexiiRiscv_379_100_build/log/route.log,18054
/nfs/share/home/tongliu/script-eval/build/VexiiRiscv_379_100/VexiiRiscv_379_100_build/log/placement.log,10300
/nfs/share/home/tongliu/script-eval/build/VexiiRiscv_379_100/VexiiRiscv_379_100_build/log/cts.log,10613
/nfs/share/home/tongliu/script-eval/build/VexiiRiscv_379_100/VexiiRiscv_379_100_build/log/read_rtl.log,120
/nfs/share/home/tongliu/script-eval/build/VexiiRiscv_379_100/VexiiRiscv_379_100_build/log/floorplan.log,2425
/nfs/share/home/tongliu/script-eval/build/VexiiRiscv_247_100/VexiiRiscv_247_100_build/log/chipfinish.log,2730
/nfs/share/home/tongliu/script-eval/build/VexiiRiscv_247_100/VexiiRiscv_247_100_build/log/route.log,18331
/nfs/share/home/tongliu/script-eval/build/VexiiRiscv_247_100/VexiiRiscv_247_100_build/log/placement.log,12918
/nfs/share/home/tongliu/script-eval/build/VexiiRiscv_247_100/VexiiRiscv_247_100_build/log/cts.log,13052
/nfs/share/home/tongliu/script-eval/build/VexiiRiscv_247_100/VexiiRiscv_247_100_build/log/read_rtl.log,382
/nfs/share/home/tongliu/script-eval/build/VexiiRiscv_247_100/VexiiRiscv_247_100_build/log/floorplan.log,4374
/nfs/share/home/tongliu/script-eval/build/VexiiRiscv_214_100/VexiiRiscv_214_100_build/log/chipfinish.log,4836
/nfs/share/home/tongliu/script-eval/build/VexiiRiscv_214_100/VexiiRiscv_214_100_build/log/route.log,37198
/nfs/share/home/tongliu/script-eval/build/VexiiRiscv_214_100/VexiiRiscv_214_100_build/log/placement.log,15575
/nfs/share/home/tongliu/script-eval/build/VexiiRiscv_214_100/VexiiRiscv_214_100_build/log/cts.log,22182
/nfs/share/home/tongliu/script-eval/build/VexiiRiscv_214_100/VexiiRiscv_214_100_build/log/read_rtl.log,63
/nfs/share/home/tongliu/script-eval/build/VexiiRiscv_214_100/VexiiRiscv_214_100_build/log/floorplan.log,3582
/nfs/share/home/tongliu/script-eval/build/VexiiRiscv_323_100/VexiiRiscv_323_100_build/log/chipfinish.log,1067
/nfs/share/home/tongliu/script-eval/build/VexiiRiscv_323_100/VexiiRiscv_323_100_build/log/route.log,7109
/nfs/share/home/tongliu/script-eval/build/VexiiRiscv_323_100/VexiiRiscv_323_100_build/log/placement.log,5070
/nfs/share/home/tongliu/script-eval/build/VexiiRiscv_323_100/VexiiRiscv_323_100_build/log/cts.log,5290
/nfs/share/home/tongliu/script-eval/build/VexiiRiscv_323_100/VexiiRiscv_323_100_build/log/read_rtl.log,25
/nfs/share/home/tongliu/script-eval/build/VexiiRiscv_323_100/VexiiRiscv_323_100_build/log/floorplan.log,1227
/nfs/share/home/tongliu/script-eval/build/VexiiRiscv_6_100/VexiiRiscv_6_100_build/log/chipfinish.log,7026
/nfs/share/home/tongliu/script-eval/build/VexiiRiscv_6_100/VexiiRiscv_6_100_build/log/route.log,138238
/nfs/share/home/tongliu/script-eval/build/VexiiRiscv_6_100/VexiiRiscv_6_100_build/log/placement.log,22590
/nfs/share/home/tongliu/script-eval/build/VexiiRiscv_6_100/VexiiRiscv_6_100_build/log/cts.log,64960
/nfs/share/home/tongliu/script-eval/build/VexiiRiscv_6_100/VexiiRiscv_6_100_build/log/read_rtl.log,82
/nfs/share/home/tongliu/script-eval/build/VexiiRiscv_6_100/VexiiRiscv_6_100_build/log/floorplan.log,4955
/nfs/share/home/tongliu/script-eval/build/VexiiRiscv_154_100/VexiiRiscv_154_100_build/log/chipfinish.log,1991
/nfs/share/home/tongliu/script-eval/build/VexiiRiscv_154_100/VexiiRiscv_154_100_build/log/route.log,11548
/nfs/share/home/tongliu/script-eval/build/VexiiRiscv_154_100/VexiiRiscv_154_100_build/log/placement.log,7732
/nfs/share/home/tongliu/script-eval/build/VexiiRiscv_154_100/VexiiRiscv_154_100_build/log/cts.log,7864
/nfs/share/home/tongliu/script-eval/build/VexiiRiscv_154_100/VexiiRiscv_154_100_build/log/read_rtl.log,33
/nfs/share/home/tongliu/script-eval/build/VexiiRiscv_154_100/VexiiRiscv_154_100_build/log/floorplan.log,1821
/nfs/share/home/tongliu/script-eval/build/VexiiRiscv_167_100/VexiiRiscv_167_100_build/log/chipfinish.log,645
/nfs/share/home/tongliu/script-eval/build/VexiiRiscv_167_100/VexiiRiscv_167_100_build/log/route.log,4104
/nfs/share/home/tongliu/script-eval/build/VexiiRiscv_167_100/VexiiRiscv_167_100_build/log/placement.log,3516
/nfs/share/home/tongliu/script-eval/build/VexiiRiscv_167_100/VexiiRiscv_167_100_build/log/cts.log,3505
/nfs/share/home/tongliu/script-eval/build/VexiiRiscv_167_100/VexiiRiscv_167_100_build/log/read_rtl.log,21
/nfs/share/home/tongliu/script-eval/build/VexiiRiscv_167_100/VexiiRiscv_167_100_build/log/floorplan.log,814
/nfs/share/home/tongliu/script-eval/build/VexiiRiscv_223_100/VexiiRiscv_223_100_build/log/chipfinish.log,2016
/nfs/share/home/tongliu/script-eval/build/VexiiRiscv_223_100/VexiiRiscv_223_100_build/log/route.log,12688
/nfs/share/home/tongliu/script-eval/build/VexiiRiscv_223_100/VexiiRiscv_223_100_build/log/placement.log,8150
/nfs/share/home/tongliu/script-eval/build/VexiiRiscv_223_100/VexiiRiscv_223_100_build/log/cts.log,8735
/nfs/share/home/tongliu/script-eval/build/VexiiRiscv_223_100/VexiiRiscv_223_100_build/log/read_rtl.log,33
/nfs/share/home/tongliu/script-eval/build/VexiiRiscv_223_100/VexiiRiscv_223_100_build/log/floorplan.log,1895
/nfs/share/home/tongliu/script-eval/build/eccf0c7-dirty_cf6e06d_100/build.bk/log/chipfinish.log,248
/nfs/share/home/tongliu/script-eval/build/eccf0c7-dirty_cf6e06d_100/build.bk/log/route.log,1019
/nfs/share/home/tongliu/script-eval/build/eccf0c7-dirty_cf6e06d_100/build.bk/log/placement.log,1086
/nfs/share/home/tongliu/script-eval/build/eccf0c7-dirty_cf6e06d_100/build.bk/log/cts.log,1101
/nfs/share/home/tongliu/script-eval/build/eccf0c7-dirty_cf6e06d_100/build.bk/log/read_rtl.log,39
/nfs/share/home/tongliu/script-eval/build/eccf0c7-dirty_cf6e06d_100/build.bk/log/floorplan.log,352
/nfs/share/home/tongliu/script-eval/build/eccf0c7-dirty_cf6e06d_100/build/log/chipfinish.log,327
/nfs/share/home/tongliu/script-eval/build/eccf0c7-dirty_cf6e06d_100/build/log/route.log,1655
/nfs/share/home/tongliu/script-eval/build/eccf0c7-dirty_cf6e06d_100/build/log/placement.log,2005
/nfs/share/home/tongliu/script-eval/build/eccf0c7-dirty_cf6e06d_100/build/log/cts.log,1973
/nfs/share/home/tongliu/script-eval/build/eccf0c7-dirty_cf6e06d_100/build/log/read_rtl.log,37
/nfs/share/home/tongliu/script-eval/build/eccf0c7-dirty_cf6e06d_100/build/log/floorplan.log,495
/nfs/share/home/tongliu/script-eval/build/VexiiRiscv_181_100/VexiiRiscv_181_100_build/log/chipfinish.log,3582
/nfs/share/home/tongliu/script-eval/build/VexiiRiscv_181_100/VexiiRiscv_181_100_build/log/route.log,23574
/nfs/share/home/tongliu/script-eval/build/VexiiRiscv_181_100/VexiiRiscv_181_100_build/log/placement.log,12799
/nfs/share/home/tongliu/script-eval/build/VexiiRiscv_181_100/VexiiRiscv_181_100_build/log/cts.log,17376
/nfs/share/home/tongliu/script-eval/build/VexiiRiscv_181_100/VexiiRiscv_181_100_build/log/read_rtl.log,237
/nfs/share/home/tongliu/script-eval/build/VexiiRiscv_181_100/VexiiRiscv_181_100_build/log/floorplan.log,3166
/nfs/share/home/tongliu/script-eval/build/VexiiRiscv_289_100/VexiiRiscv_289_100_build/log/chipfinish.log,1222
/nfs/share/home/tongliu/script-eval/build/VexiiRiscv_289_100/VexiiRiscv_289_100_build/log/route.log,7206
/nfs/share/home/tongliu/script-eval/build/VexiiRiscv_289_100/VexiiRiscv_289_100_build/log/placement.log,5538
/nfs/share/home/tongliu/script-eval/build/VexiiRiscv_289_100/VexiiRiscv_289_100_build/log/cts.log,5227
/nfs/share/home/tongliu/script-eval/build/VexiiRiscv_289_100/VexiiRiscv_289_100_build/log/read_rtl.log,26
/nfs/share/home/tongliu/script-eval/build/VexiiRiscv_289_100/VexiiRiscv_289_100_build/log/floorplan.log,1159
/nfs/share/home/tongliu/script-eval/build/VexiiRiscv_174_100/VexiiRiscv_174_100_build/log/chipfinish.log,4639
/nfs/share/home/tongliu/script-eval/build/VexiiRiscv_174_100/VexiiRiscv_174_100_build/log/route.log,33132
/nfs/share/home/tongliu/script-eval/build/VexiiRiscv_174_100/VexiiRiscv_174_100_build/log/placement.log,16341
/nfs/share/home/tongliu/script-eval/build/VexiiRiscv_174_100/VexiiRiscv_174_100_build/log/cts.log,19346
/nfs/share/home/tongliu/script-eval/build/VexiiRiscv_174_100/VexiiRiscv_174_100_build/log/read_rtl.log,62
/nfs/share/home/tongliu/script-eval/build/VexiiRiscv_174_100/VexiiRiscv_174_100_build/log/floorplan.log,3406
/nfs/share/home/tongliu/script-eval/build/VexiiRiscv_101_100/VexiiRiscv_101_100_build/log/chipfinish.log,1059
/nfs/share/home/tongliu/script-eval/build/VexiiRiscv_101_100/VexiiRiscv_101_100_build/log/route.log,7264
/nfs/share/home/tongliu/script-eval/build/VexiiRiscv_101_100/VexiiRiscv_101_100_build/log/placement.log,6470
/nfs/share/home/tongliu/script-eval/build/VexiiRiscv_101_100/VexiiRiscv_101_100_build/log/cts.log,5673
/nfs/share/home/tongliu/script-eval/build/VexiiRiscv_101_100/VexiiRiscv_101_100_build/log/read_rtl.log,30
/nfs/share/home/tongliu/script-eval/build/VexiiRiscv_101_100/VexiiRiscv_101_100_build/log/floorplan.log,1155
/nfs/share/home/tongliu/script-eval/build/VexiiRiscv_288_100/VexiiRiscv_288_100_build/log/chipfinish.log,3553
/nfs/share/home/tongliu/script-eval/build/VexiiRiscv_288_100/VexiiRiscv_288_100_build/log/route.log,23050
/nfs/share/home/tongliu/script-eval/build/VexiiRiscv_288_100/VexiiRiscv_288_100_build/log/placement.log,14091
/nfs/share/home/tongliu/script-eval/build/VexiiRiscv_288_100/VexiiRiscv_288_100_build/log/cts.log,16571
/nfs/share/home/tongliu/script-eval/build/VexiiRiscv_288_100/VexiiRiscv_288_100_build/log/read_rtl.log,57
/nfs/share/home/tongliu/script-eval/build/VexiiRiscv_288_100/VexiiRiscv_288_100_build/log/floorplan.log,3370
/nfs/share/home/tongliu/script-eval/build/VexiiRiscv_24_100/VexiiRiscv_24_100_build/log/chipfinish.log,2574
/nfs/share/home/tongliu/script-eval/build/VexiiRiscv_24_100/VexiiRiscv_24_100_build/log/route.log,18225
/nfs/share/home/tongliu/script-eval/build/VexiiRiscv_24_100/VexiiRiscv_24_100_build/log/placement.log,10566
/nfs/share/home/tongliu/script-eval/build/VexiiRiscv_24_100/VexiiRiscv_24_100_build/log/cts.log,10886
/nfs/share/home/tongliu/script-eval/build/VexiiRiscv_24_100/VexiiRiscv_24_100_build/log/read_rtl.log,118
/nfs/share/home/tongliu/script-eval/build/VexiiRiscv_24_100/VexiiRiscv_24_100_build/log/floorplan.log,2780
/nfs/share/home/tongliu/script-eval/build/VexiiRiscv_265_100/VexiiRiscv_265_100_build/log/chipfinish.log,5797
/nfs/share/home/tongliu/script-eval/build/VexiiRiscv_265_100/VexiiRiscv_265_100_build/log/route.log,40024
/nfs/share/home/tongliu/script-eval/build/VexiiRiscv_265_100/VexiiRiscv_265_100_build/log/placement.log,19773
/nfs/share/home/tongliu/script-eval/build/VexiiRiscv_265_100/VexiiRiscv_265_100_build/log/cts.log,31222
/nfs/share/home/tongliu/script-eval/build/VexiiRiscv_265_100/VexiiRiscv_265_100_build/log/read_rtl.log,253
/nfs/share/home/tongliu/script-eval/build/VexiiRiscv_265_100/VexiiRiscv_265_100_build/log/floorplan.log,4323
/nfs/share/home/tongliu/script-eval/build/VexiiRiscv_386_100/VexiiRiscv_386_100_build/log/chipfinish.log,1507
/nfs/share/home/tongliu/script-eval/build/VexiiRiscv_386_100/VexiiRiscv_386_100_build/log/route.log,9813
/nfs/share/home/tongliu/script-eval/build/VexiiRiscv_386_100/VexiiRiscv_386_100_build/log/placement.log,7448
/nfs/share/home/tongliu/script-eval/build/VexiiRiscv_386_100/VexiiRiscv_386_100_build/log/cts.log,7507
/nfs/share/home/tongliu/script-eval/build/VexiiRiscv_386_100/VexiiRiscv_386_100_build/log/read_rtl.log,30
/nfs/share/home/tongliu/script-eval/build/VexiiRiscv_386_100/VexiiRiscv_386_100_build/log/floorplan.log,1875
/nfs/share/home/tongliu/script-eval/build/VexiiRiscv_243_100/VexiiRiscv_243_100_build/log/chipfinish.log,705
/nfs/share/home/tongliu/script-eval/build/VexiiRiscv_243_100/VexiiRiscv_243_100_build/log/route.log,3641
/nfs/share/home/tongliu/script-eval/build/VexiiRiscv_243_100/VexiiRiscv_243_100_build/log/placement.log,3550
/nfs/share/home/tongliu/script-eval/build/VexiiRiscv_243_100/VexiiRiscv_243_100_build/log/cts.log,3192
/nfs/share/home/tongliu/script-eval/build/VexiiRiscv_243_100/VexiiRiscv_243_100_build/log/read_rtl.log,24
/nfs/share/home/tongliu/script-eval/build/VexiiRiscv_243_100/VexiiRiscv_243_100_build/log/floorplan.log,785
/nfs/share/home/tongliu/script-eval/build/VexiiRiscv_268_100/VexiiRiscv_268_100_build/log/chipfinish.log,366
/nfs/share/home/tongliu/script-eval/build/VexiiRiscv_268_100/VexiiRiscv_268_100_build/log/route.log,1784
/nfs/share/home/tongliu/script-eval/build/VexiiRiscv_268_100/VexiiRiscv_268_100_build/log/placement.log,2285
/nfs/share/home/tongliu/script-eval/build/VexiiRiscv_268_100/VexiiRiscv_268_100_build/log/cts.log,2145
/nfs/share/home/tongliu/script-eval/build/VexiiRiscv_268_100/VexiiRiscv_268_100_build/log/read_rtl.log,20
/nfs/share/home/tongliu/script-eval/build/VexiiRiscv_268_100/VexiiRiscv_268_100_build/log/floorplan.log,504
/nfs/share/home/tongliu/script-eval/build/VexiiRiscv_111_100/VexiiRiscv_111_100_build/log/chipfinish.log,2287
/nfs/share/home/tongliu/script-eval/build/VexiiRiscv_111_100/VexiiRiscv_111_100_build/log/route.log,16525
/nfs/share/home/tongliu/script-eval/build/VexiiRiscv_111_100/VexiiRiscv_111_100_build/log/placement.log,9953
/nfs/share/home/tongliu/script-eval/build/VexiiRiscv_111_100/VexiiRiscv_111_100_build/log/cts.log,9558
/nfs/share/home/tongliu/script-eval/build/VexiiRiscv_111_100/VexiiRiscv_111_100_build/log/read_rtl.log,125
/nfs/share/home/tongliu/script-eval/build/VexiiRiscv_111_100/VexiiRiscv_111_100_build/log/floorplan.log,2366
/nfs/share/home/tongliu/script-eval/build/VexiiRiscv_359_100/VexiiRiscv_359_100_build/log/chipfinish.log,755
/nfs/share/home/tongliu/script-eval/build/VexiiRiscv_359_100/VexiiRiscv_359_100_build/log/route.log,4969
/nfs/share/home/tongliu/script-eval/build/VexiiRiscv_359_100/VexiiRiscv_359_100_build/log/placement.log,4142
/nfs/share/home/tongliu/script-eval/build/VexiiRiscv_359_100/VexiiRiscv_359_100_build/log/cts.log,4125
/nfs/share/home/tongliu/script-eval/build/VexiiRiscv_359_100/VexiiRiscv_359_100_build/log/read_rtl.log,22
/nfs/share/home/tongliu/script-eval/build/VexiiRiscv_359_100/VexiiRiscv_359_100_build/log/floorplan.log,907
/nfs/share/home/tongliu/script-eval/build/VexiiRiscv_38_100/VexiiRiscv_38_100_build/log/chipfinish.log,854
/nfs/share/home/tongliu/script-eval/build/VexiiRiscv_38_100/VexiiRiscv_38_100_build/log/route.log,4934
/nfs/share/home/tongliu/script-eval/build/VexiiRiscv_38_100/VexiiRiscv_38_100_build/log/placement.log,4239
/nfs/share/home/tongliu/script-eval/build/VexiiRiscv_38_100/VexiiRiscv_38_100_build/log/cts.log,4050
/nfs/share/home/tongliu/script-eval/build/VexiiRiscv_38_100/VexiiRiscv_38_100_build/log/read_rtl.log,25
/nfs/share/home/tongliu/script-eval/build/VexiiRiscv_38_100/VexiiRiscv_38_100_build/log/floorplan.log,882
/nfs/share/home/tongliu/script-eval/build/VexiiRiscv_157_100/VexiiRiscv_157_100_build/log/chipfinish.log,5104
/nfs/share/home/tongliu/script-eval/build/VexiiRiscv_157_100/VexiiRiscv_157_100_build/log/route.log,32393
/nfs/share/home/tongliu/script-eval/build/VexiiRiscv_157_100/VexiiRiscv_157_100_build/log/placement.log,18825
/nfs/share/home/tongliu/script-eval/build/VexiiRiscv_157_100/VexiiRiscv_157_100_build/log/cts.log,23138
/nfs/share/home/tongliu/script-eval/build/VexiiRiscv_157_100/VexiiRiscv_157_100_build/log/read_rtl.log,53
/nfs/share/home/tongliu/script-eval/build/VexiiRiscv_157_100/VexiiRiscv_157_100_build/log/floorplan.log,3875
/nfs/share/home/tongliu/script-eval/build/VexiiRiscv_397_100/VexiiRiscv_397_100_build/log/read_rtl.log,143
/nfs/share/home/tongliu/script-eval/build/VexiiRiscv_397_100/VexiiRiscv_397_100_build/log/floorplan.log,15039
/nfs/share/home/tongliu/script-eval/build/VexiiRiscv_99_100/VexiiRiscv_99_100_build/log/chipfinish.log,1835
/nfs/share/home/tongliu/script-eval/build/VexiiRiscv_99_100/VexiiRiscv_99_100_build/log/route.log,11749
/nfs/share/home/tongliu/script-eval/build/VexiiRiscv_99_100/VexiiRiscv_99_100_build/log/placement.log,7372
/nfs/share/home/tongliu/script-eval/build/VexiiRiscv_99_100/VexiiRiscv_99_100_build/log/cts.log,9004
/nfs/share/home/tongliu/script-eval/build/VexiiRiscv_99_100/VexiiRiscv_99_100_build/log/read_rtl.log,102
/nfs/share/home/tongliu/script-eval/build/VexiiRiscv_99_100/VexiiRiscv_99_100_build/log/floorplan.log,1939
/nfs/share/home/tongliu/script-eval/build/VexiiRiscv_210_100/VexiiRiscv_210_100_build/log/chipfinish.log,4301
/nfs/share/home/tongliu/script-eval/build/VexiiRiscv_210_100/VexiiRiscv_210_100_build/log/route.log,26387
/nfs/share/home/tongliu/script-eval/build/VexiiRiscv_210_100/VexiiRiscv_210_100_build/log/placement.log,15397
/nfs/share/home/tongliu/script-eval/build/VexiiRiscv_210_100/VexiiRiscv_210_100_build/log/cts.log,20146
/nfs/share/home/tongliu/script-eval/build/VexiiRiscv_210_100/VexiiRiscv_210_100_build/log/read_rtl.log,142
/nfs/share/home/tongliu/script-eval/build/VexiiRiscv_210_100/VexiiRiscv_210_100_build/log/floorplan.log,3366
/nfs/share/home/tongliu/script-eval/build/VexiiRiscv_185_100/VexiiRiscv_185_100_build/log/chipfinish.log,5772
/nfs/share/home/tongliu/script-eval/build/VexiiRiscv_185_100/VexiiRiscv_185_100_build/log/route.log,39898
/nfs/share/home/tongliu/script-eval/build/VexiiRiscv_185_100/VexiiRiscv_185_100_build/log/placement.log,19814
/nfs/share/home/tongliu/script-eval/build/VexiiRiscv_185_100/VexiiRiscv_185_100_build/log/cts.log,20157
/nfs/share/home/tongliu/script-eval/build/VexiiRiscv_185_100/VexiiRiscv_185_100_build/log/read_rtl.log,96
/nfs/share/home/tongliu/script-eval/build/VexiiRiscv_185_100/VexiiRiscv_185_100_build/log/floorplan.log,4737
/nfs/share/home/tongliu/script-eval/build/VexiiRiscv_284_100/VexiiRiscv_284_100_build/log/chipfinish.log,8593
/nfs/share/home/tongliu/script-eval/build/VexiiRiscv_284_100/VexiiRiscv_284_100_build/log/route.log,51627
/nfs/share/home/tongliu/script-eval/build/VexiiRiscv_284_100/VexiiRiscv_284_100_build/log/placement.log,27083
/nfs/share/home/tongliu/script-eval/build/VexiiRiscv_284_100/VexiiRiscv_284_100_build/log/cts.log,28590
/nfs/share/home/tongliu/script-eval/build/VexiiRiscv_284_100/VexiiRiscv_284_100_build/log/read_rtl.log,203
/nfs/share/home/tongliu/script-eval/build/VexiiRiscv_284_100/VexiiRiscv_284_100_build/log/floorplan.log,6561
/nfs/share/home/tongliu/script-eval/build/VexiiRiscv_263_100/VexiiRiscv_263_100_build/log/chipfinish.log,1929
/nfs/share/home/tongliu/script-eval/build/VexiiRiscv_263_100/VexiiRiscv_263_100_build/log/route.log,11678
/nfs/share/home/tongliu/script-eval/build/VexiiRiscv_263_100/VexiiRiscv_263_100_build/log/placement.log,8157
/nfs/share/home/tongliu/script-eval/build/VexiiRiscv_263_100/VexiiRiscv_263_100_build/log/cts.log,9456
/nfs/share/home/tongliu/script-eval/build/VexiiRiscv_263_100/VexiiRiscv_263_100_build/log/read_rtl.log,106
/nfs/share/home/tongliu/script-eval/build/VexiiRiscv_263_100/VexiiRiscv_263_100_build/log/floorplan.log,1967
/nfs/share/home/tongliu/script-eval/build/VexiiRiscv_149_100/VexiiRiscv_149_100_build/log/chipfinish.log,1646
/nfs/share/home/tongliu/script-eval/build/VexiiRiscv_149_100/VexiiRiscv_149_100_build/log/route.log,10435
/nfs/share/home/tongliu/script-eval/build/VexiiRiscv_149_100/VexiiRiscv_149_100_build/log/placement.log,7579
/nfs/share/home/tongliu/script-eval/build/VexiiRiscv_149_100/VexiiRiscv_149_100_build/log/cts.log,7521
/nfs/share/home/tongliu/script-eval/build/VexiiRiscv_149_100/VexiiRiscv_149_100_build/log/read_rtl.log,28
/nfs/share/home/tongliu/script-eval/build/VexiiRiscv_149_100/VexiiRiscv_149_100_build/log/floorplan.log,1683
/nfs/share/home/tongliu/script-eval/build/VexiiRiscv_292_100/VexiiRiscv_292_100_build/log/chipfinish.log,740
/nfs/share/home/tongliu/script-eval/build/VexiiRiscv_292_100/VexiiRiscv_292_100_build/log/route.log,4232
/nfs/share/home/tongliu/script-eval/build/VexiiRiscv_292_100/VexiiRiscv_292_100_build/log/placement.log,4082
/nfs/share/home/tongliu/script-eval/build/VexiiRiscv_292_100/VexiiRiscv_292_100_build/log/cts.log,3782
/nfs/share/home/tongliu/script-eval/build/VexiiRiscv_292_100/VexiiRiscv_292_100_build/log/read_rtl.log,22
/nfs/share/home/tongliu/script-eval/build/VexiiRiscv_292_100/VexiiRiscv_292_100_build/log/floorplan.log,857
/nfs/share/home/tongliu/script-eval/build/VexiiRiscv_316_100/VexiiRiscv_316_100_build/log/chipfinish.log,1347
/nfs/share/home/tongliu/script-eval/build/VexiiRiscv_316_100/VexiiRiscv_316_100_build/log/route.log,7662
/nfs/share/home/tongliu/script-eval/build/VexiiRiscv_316_100/VexiiRiscv_316_100_build/log/placement.log,5893
/nfs/share/home/tongliu/script-eval/build/VexiiRiscv_316_100/VexiiRiscv_316_100_build/log/cts.log,6481
/nfs/share/home/tongliu/script-eval/build/VexiiRiscv_316_100/VexiiRiscv_316_100_build/log/read_rtl.log,26
/nfs/share/home/tongliu/script-eval/build/VexiiRiscv_316_100/VexiiRiscv_316_100_build/log/floorplan.log,1224
/nfs/share/home/tongliu/script-eval/build/VexiiRiscv_110_100/VexiiRiscv_110_100_build/log/chipfinish.log,5009
/nfs/share/home/tongliu/script-eval/build/VexiiRiscv_110_100/VexiiRiscv_110_100_build/log/route.log,28181
/nfs/share/home/tongliu/script-eval/build/VexiiRiscv_110_100/VexiiRiscv_110_100_build/log/placement.log,17788
/nfs/share/home/tongliu/script-eval/build/VexiiRiscv_110_100/VexiiRiscv_110_100_build/log/cts.log,17849
/nfs/share/home/tongliu/script-eval/build/VexiiRiscv_110_100/VexiiRiscv_110_100_build/log/read_rtl.log,125
/nfs/share/home/tongliu/script-eval/build/VexiiRiscv_110_100/VexiiRiscv_110_100_build/log/floorplan.log,3562
/nfs/share/home/tongliu/script-eval/build/VexiiRiscv_106_100/VexiiRiscv_106_100_build/log/chipfinish.log,1189
/nfs/share/home/tongliu/script-eval/build/VexiiRiscv_106_100/VexiiRiscv_106_100_build/log/route.log,7585
/nfs/share/home/tongliu/script-eval/build/VexiiRiscv_106_100/VexiiRiscv_106_100_build/log/placement.log,6605
/nfs/share/home/tongliu/script-eval/build/VexiiRiscv_106_100/VexiiRiscv_106_100_build/log/cts.log,5543
/nfs/share/home/tongliu/script-eval/build/VexiiRiscv_106_100/VexiiRiscv_106_100_build/log/read_rtl.log,27
/nfs/share/home/tongliu/script-eval/build/VexiiRiscv_106_100/VexiiRiscv_106_100_build/log/floorplan.log,1276
/nfs/share/home/tongliu/script-eval/build/VexiiRiscv_279_100/VexiiRiscv_279_100_build/log/chipfinish.log,3312
/nfs/share/home/tongliu/script-eval/build/VexiiRiscv_279_100/VexiiRiscv_279_100_build/log/route.log,21304
/nfs/share/home/tongliu/script-eval/build/VexiiRiscv_279_100/VexiiRiscv_279_100_build/log/placement.log,12747
/nfs/share/home/tongliu/script-eval/build/VexiiRiscv_279_100/VexiiRiscv_279_100_build/log/cts.log,12724
/nfs/share/home/tongliu/script-eval/build/VexiiRiscv_279_100/VexiiRiscv_279_100_build/log/read_rtl.log,117
/nfs/share/home/tongliu/script-eval/build/VexiiRiscv_279_100/VexiiRiscv_279_100_build/log/floorplan.log,2750
/nfs/share/home/tongliu/script-eval/build/VexiiRiscv_282_100/VexiiRiscv_282_100_build/log/chipfinish.log,3591
/nfs/share/home/tongliu/script-eval/build/VexiiRiscv_282_100/VexiiRiscv_282_100_build/log/route.log,22510
/nfs/share/home/tongliu/script-eval/build/VexiiRiscv_282_100/VexiiRiscv_282_100_build/log/placement.log,14127
/nfs/share/home/tongliu/script-eval/build/VexiiRiscv_282_100/VexiiRiscv_282_100_build/log/cts.log,15766
/nfs/share/home/tongliu/script-eval/build/VexiiRiscv_282_100/VexiiRiscv_282_100_build/log/read_rtl.log,51
/nfs/share/home/tongliu/script-eval/build/VexiiRiscv_282_100/VexiiRiscv_282_100_build/log/floorplan.log,2781
/nfs/share/home/tongliu/script-eval/build/VexiiRiscv_100_100/VexiiRiscv_100_100_build/log/chipfinish.log,979
/nfs/share/home/tongliu/script-eval/build/VexiiRiscv_100_100/VexiiRiscv_100_100_build/log/route.log,7426
/nfs/share/home/tongliu/script-eval/build/VexiiRiscv_100_100/VexiiRiscv_100_100_build/log/placement.log,5423
/nfs/share/home/tongliu/script-eval/build/VexiiRiscv_100_100/VexiiRiscv_100_100_build/log/cts.log,5645
/nfs/share/home/tongliu/script-eval/build/VexiiRiscv_100_100/VexiiRiscv_100_100_build/log/read_rtl.log,31
/nfs/share/home/tongliu/script-eval/build/VexiiRiscv_100_100/VexiiRiscv_100_100_build/log/floorplan.log,1068
/nfs/share/home/tongliu/script-eval/build/VexiiRiscv_270_100/VexiiRiscv_270_100_build/log/chipfinish.log,696
/nfs/share/home/tongliu/script-eval/build/VexiiRiscv_270_100/VexiiRiscv_270_100_build/log/route.log,3772
/nfs/share/home/tongliu/script-eval/build/VexiiRiscv_270_100/VexiiRiscv_270_100_build/log/placement.log,3984
/nfs/share/home/tongliu/script-eval/build/VexiiRiscv_270_100/VexiiRiscv_270_100_build/log/cts.log,3222
/nfs/share/home/tongliu/script-eval/build/VexiiRiscv_270_100/VexiiRiscv_270_100_build/log/read_rtl.log,24
/nfs/share/home/tongliu/script-eval/build/VexiiRiscv_270_100/VexiiRiscv_270_100_build/log/floorplan.log,863
/nfs/share/home/tongliu/script-eval/build/VexiiRiscv_76_100/VexiiRiscv_76_100_build/log/chipfinish.log,17367
/nfs/share/home/tongliu/script-eval/build/VexiiRiscv_76_100/VexiiRiscv_76_100_build/log/route.log,108479
/nfs/share/home/tongliu/script-eval/build/VexiiRiscv_76_100/VexiiRiscv_76_100_build/log/placement.log,60122
/nfs/share/home/tongliu/script-eval/build/VexiiRiscv_76_100/VexiiRiscv_76_100_build/log/cts.log,60834
/nfs/share/home/tongliu/script-eval/build/VexiiRiscv_76_100/VexiiRiscv_76_100_build/log/read_rtl.log,437
/nfs/share/home/tongliu/script-eval/build/VexiiRiscv_76_100/VexiiRiscv_76_100_build/log/floorplan.log,13422
/nfs/share/home/tongliu/script-eval/build/VexiiRiscv_345_100/VexiiRiscv_345_100_build/log/chipfinish.log,1429
/nfs/share/home/tongliu/script-eval/build/VexiiRiscv_345_100/VexiiRiscv_345_100_build/log/route.log,8161
/nfs/share/home/tongliu/script-eval/build/VexiiRiscv_345_100/VexiiRiscv_345_100_build/log/placement.log,5794
/nfs/share/home/tongliu/script-eval/build/VexiiRiscv_345_100/VexiiRiscv_345_100_build/log/cts.log,5838
/nfs/share/home/tongliu/script-eval/build/VexiiRiscv_345_100/VexiiRiscv_345_100_build/log/read_rtl.log,26
/nfs/share/home/tongliu/script-eval/build/VexiiRiscv_345_100/VexiiRiscv_345_100_build/log/floorplan.log,1370
/nfs/share/home/tongliu/script-eval/build/VexiiRiscv_356_100/VexiiRiscv_356_100_build/log/chipfinish.log,1121
/nfs/share/home/tongliu/script-eval/build/VexiiRiscv_356_100/VexiiRiscv_356_100_build/log/route.log,7523
/nfs/share/home/tongliu/script-eval/build/VexiiRiscv_356_100/VexiiRiscv_356_100_build/log/placement.log,5454
/nfs/share/home/tongliu/script-eval/build/VexiiRiscv_356_100/VexiiRiscv_356_100_build/log/cts.log,5171
/nfs/share/home/tongliu/script-eval/build/VexiiRiscv_356_100/VexiiRiscv_356_100_build/log/read_rtl.log,29
/nfs/share/home/tongliu/script-eval/build/VexiiRiscv_356_100/VexiiRiscv_356_100_build/log/floorplan.log,1296
/nfs/share/home/tongliu/script-eval/build/VexiiRiscv_81_100/VexiiRiscv_81_100_build/log/chipfinish.log,1020
/nfs/share/home/tongliu/script-eval/build/VexiiRiscv_81_100/VexiiRiscv_81_100_build/log/route.log,6382
/nfs/share/home/tongliu/script-eval/build/VexiiRiscv_81_100/VexiiRiscv_81_100_build/log/placement.log,4941
/nfs/share/home/tongliu/script-eval/build/VexiiRiscv_81_100/VexiiRiscv_81_100_build/log/cts.log,4815
/nfs/share/home/tongliu/script-eval/build/VexiiRiscv_81_100/VexiiRiscv_81_100_build/log/read_rtl.log,27
/nfs/share/home/tongliu/script-eval/build/VexiiRiscv_81_100/VexiiRiscv_81_100_build/log/floorplan.log,1127
/nfs/share/home/tongliu/script-eval/build/VexiiRiscv_227_100/VexiiRiscv_227_100_build/log/chipfinish.log,2466
/nfs/share/home/tongliu/script-eval/build/VexiiRiscv_227_100/VexiiRiscv_227_100_build/log/route.log,17744
/nfs/share/home/tongliu/script-eval/build/VexiiRiscv_227_100/VexiiRiscv_227_100_build/log/placement.log,10733
/nfs/share/home/tongliu/script-eval/build/VexiiRiscv_227_100/VexiiRiscv_227_100_build/log/cts.log,11435
/nfs/share/home/tongliu/script-eval/build/VexiiRiscv_227_100/VexiiRiscv_227_100_build/log/read_rtl.log,113
/nfs/share/home/tongliu/script-eval/build/VexiiRiscv_227_100/VexiiRiscv_227_100_build/log/floorplan.log,2466
/nfs/share/home/tongliu/script-eval/build/VexiiRiscv_219_100/VexiiRiscv_219_100_build/log/chipfinish.log,5456
/nfs/share/home/tongliu/script-eval/build/VexiiRiscv_219_100/VexiiRiscv_219_100_build/log/route.log,35981
/nfs/share/home/tongliu/script-eval/build/VexiiRiscv_219_100/VexiiRiscv_219_100_build/log/placement.log,20824
/nfs/share/home/tongliu/script-eval/build/VexiiRiscv_219_100/VexiiRiscv_219_100_build/log/cts.log,21034
/nfs/share/home/tongliu/script-eval/build/VexiiRiscv_219_100/VexiiRiscv_219_100_build/log/read_rtl.log,56
/nfs/share/home/tongliu/script-eval/build/VexiiRiscv_219_100/VexiiRiscv_219_100_build/log/floorplan.log,4143
/nfs/share/home/tongliu/script-eval/build/VexiiRiscv_123_100/VexiiRiscv_123_100_build/log/chipfinish.log,3649
/nfs/share/home/tongliu/script-eval/build/VexiiRiscv_123_100/VexiiRiscv_123_100_build/log/route.log,24372
/nfs/share/home/tongliu/script-eval/build/VexiiRiscv_123_100/VexiiRiscv_123_100_build/log/placement.log,12959
/nfs/share/home/tongliu/script-eval/build/VexiiRiscv_123_100/VexiiRiscv_123_100_build/log/cts.log,14859
/nfs/share/home/tongliu/script-eval/build/VexiiRiscv_123_100/VexiiRiscv_123_100_build/log/read_rtl.log,131
/nfs/share/home/tongliu/script-eval/build/VexiiRiscv_123_100/VexiiRiscv_123_100_build/log/floorplan.log,2895
/nfs/share/home/tongliu/script-eval/build/VexiiRiscv_328_100/VexiiRiscv_328_100_build/log/chipfinish.log,2518
/nfs/share/home/tongliu/script-eval/build/VexiiRiscv_328_100/VexiiRiscv_328_100_build/log/route.log,16493
/nfs/share/home/tongliu/script-eval/build/VexiiRiscv_328_100/VexiiRiscv_328_100_build/log/placement.log,11012
/nfs/share/home/tongliu/script-eval/build/VexiiRiscv_328_100/VexiiRiscv_328_100_build/log/cts.log,11317
/nfs/share/home/tongliu/script-eval/build/VexiiRiscv_328_100/VexiiRiscv_328_100_build/log/read_rtl.log,122
/nfs/share/home/tongliu/script-eval/build/VexiiRiscv_328_100/VexiiRiscv_328_100_build/log/floorplan.log,2542
/nfs/share/home/tongliu/script-eval/build/VexiiRiscv_315_100/VexiiRiscv_315_100_build/log/chipfinish.log,1153
/nfs/share/home/tongliu/script-eval/build/VexiiRiscv_315_100/VexiiRiscv_315_100_build/log/route.log,7171
/nfs/share/home/tongliu/script-eval/build/VexiiRiscv_315_100/VexiiRiscv_315_100_build/log/placement.log,5705
/nfs/share/home/tongliu/script-eval/build/VexiiRiscv_315_100/VexiiRiscv_315_100_build/log/cts.log,5838
/nfs/share/home/tongliu/script-eval/build/VexiiRiscv_315_100/VexiiRiscv_315_100_build/log/read_rtl.log,29
/nfs/share/home/tongliu/script-eval/build/VexiiRiscv_315_100/VexiiRiscv_315_100_build/log/floorplan.log,1106
/nfs/share/home/tongliu/script-eval/build/VexiiRiscv_343_100/VexiiRiscv_343_100_build/log/chipfinish.log,2107
/nfs/share/home/tongliu/script-eval/build/VexiiRiscv_343_100/VexiiRiscv_343_100_build/log/route.log,12764
/nfs/share/home/tongliu/script-eval/build/VexiiRiscv_343_100/VexiiRiscv_343_100_build/log/placement.log,8395
/nfs/share/home/tongliu/script-eval/build/VexiiRiscv_343_100/VexiiRiscv_343_100_build/log/cts.log,8794
/nfs/share/home/tongliu/script-eval/build/VexiiRiscv_343_100/VexiiRiscv_343_100_build/log/read_rtl.log,99
/nfs/share/home/tongliu/script-eval/build/VexiiRiscv_343_100/VexiiRiscv_343_100_build/log/floorplan.log,2026
/nfs/share/home/tongliu/script-eval/build/VexiiRiscv_357_100/VexiiRiscv_357_100_build/log/chipfinish.log,2433
/nfs/share/home/tongliu/script-eval/build/VexiiRiscv_357_100/VexiiRiscv_357_100_build/log/route.log,16738
/nfs/share/home/tongliu/script-eval/build/VexiiRiscv_357_100/VexiiRiscv_357_100_build/log/placement.log,9051
/nfs/share/home/tongliu/script-eval/build/VexiiRiscv_357_100/VexiiRiscv_357_100_build/log/cts.log,10909
/nfs/share/home/tongliu/script-eval/build/VexiiRiscv_357_100/VexiiRiscv_357_100_build/log/read_rtl.log,35
/nfs/share/home/tongliu/script-eval/build/VexiiRiscv_357_100/VexiiRiscv_357_100_build/log/floorplan.log,2063
/nfs/share/home/tongliu/script-eval/build/VexiiRiscv_186_100/VexiiRiscv_186_100_build/log/chipfinish.log,1338
/nfs/share/home/tongliu/script-eval/build/VexiiRiscv_186_100/VexiiRiscv_186_100_build/log/route.log,9316
/nfs/share/home/tongliu/script-eval/build/VexiiRiscv_186_100/VexiiRiscv_186_100_build/log/placement.log,5960
/nfs/share/home/tongliu/script-eval/build/VexiiRiscv_186_100/VexiiRiscv_186_100_build/log/cts.log,5881
/nfs/share/home/tongliu/script-eval/build/VexiiRiscv_186_100/VexiiRiscv_186_100_build/log/read_rtl.log,27
/nfs/share/home/tongliu/script-eval/build/VexiiRiscv_186_100/VexiiRiscv_186_100_build/log/floorplan.log,1250
/nfs/share/home/tongliu/script-eval/build/VexiiRiscv_311_100/VexiiRiscv_311_100_build/log/chipfinish.log,493
/nfs/share/home/tongliu/script-eval/build/VexiiRiscv_311_100/VexiiRiscv_311_100_build/log/route.log,2745
/nfs/share/home/tongliu/script-eval/build/VexiiRiscv_311_100/VexiiRiscv_311_100_build/log/placement.log,2911
/nfs/share/home/tongliu/script-eval/build/VexiiRiscv_311_100/VexiiRiscv_311_100_build/log/cts.log,2951
/nfs/share/home/tongliu/script-eval/build/VexiiRiscv_311_100/VexiiRiscv_311_100_build/log/read_rtl.log,21
/nfs/share/home/tongliu/script-eval/build/VexiiRiscv_311_100/VexiiRiscv_311_100_build/log/floorplan.log,611
/nfs/share/home/tongliu/script-eval/build/VexiiRiscv_163_100/VexiiRiscv_163_100_build/log/chipfinish.log,10380
/nfs/share/home/tongliu/script-eval/build/VexiiRiscv_163_100/VexiiRiscv_163_100_build/log/route.log,60965
/nfs/share/home/tongliu/script-eval/build/VexiiRiscv_163_100/VexiiRiscv_163_100_build/log/placement.log,33650
/nfs/share/home/tongliu/script-eval/build/VexiiRiscv_163_100/VexiiRiscv_163_100_build/log/cts.log,36127
/nfs/share/home/tongliu/script-eval/build/VexiiRiscv_163_100/VexiiRiscv_163_100_build/log/read_rtl.log,89
/nfs/share/home/tongliu/script-eval/build/VexiiRiscv_163_100/VexiiRiscv_163_100_build/log/floorplan.log,6924
/nfs/share/home/tongliu/script-eval/build/VexiiRiscv_2_100/VexiiRiscv_2_100_build/log/chipfinish.log,1379
/nfs/share/home/tongliu/script-eval/build/VexiiRiscv_2_100/VexiiRiscv_2_100_build/log/route.log,9459
/nfs/share/home/tongliu/script-eval/build/VexiiRiscv_2_100/VexiiRiscv_2_100_build/log/placement.log,7013
/nfs/share/home/tongliu/script-eval/build/VexiiRiscv_2_100/VexiiRiscv_2_100_build/log/cts.log,6520
/nfs/share/home/tongliu/script-eval/build/VexiiRiscv_2_100/VexiiRiscv_2_100_build/log/read_rtl.log,29
/nfs/share/home/tongliu/script-eval/build/VexiiRiscv_2_100/VexiiRiscv_2_100_build/log/floorplan.log,1495
/nfs/share/home/tongliu/script-eval/build/VexiiRiscv_252_100/VexiiRiscv_252_100_build/log/chipfinish.log,700
/nfs/share/home/tongliu/script-eval/build/VexiiRiscv_252_100/VexiiRiscv_252_100_build/log/route.log,4596
/nfs/share/home/tongliu/script-eval/build/VexiiRiscv_252_100/VexiiRiscv_252_100_build/log/placement.log,4029
/nfs/share/home/tongliu/script-eval/build/VexiiRiscv_252_100/VexiiRiscv_252_100_build/log/cts.log,4209
/nfs/share/home/tongliu/script-eval/build/VexiiRiscv_252_100/VexiiRiscv_252_100_build/log/read_rtl.log,22
/nfs/share/home/tongliu/script-eval/build/VexiiRiscv_252_100/VexiiRiscv_252_100_build/log/floorplan.log,863
/nfs/share/home/tongliu/script-eval/build/VexiiRiscv_8_100/VexiiRiscv_8_100_build/log/chipfinish.log,3650
/nfs/share/home/tongliu/script-eval/build/VexiiRiscv_8_100/VexiiRiscv_8_100_build/log/route.log,24752
/nfs/share/home/tongliu/script-eval/build/VexiiRiscv_8_100/VexiiRiscv_8_100_build/log/placement.log,13582
/nfs/share/home/tongliu/script-eval/build/VexiiRiscv_8_100/VexiiRiscv_8_100_build/log/cts.log,20582
/nfs/share/home/tongliu/script-eval/build/VexiiRiscv_8_100/VexiiRiscv_8_100_build/log/read_rtl.log,240
/nfs/share/home/tongliu/script-eval/build/VexiiRiscv_8_100/VexiiRiscv_8_100_build/log/floorplan.log,3056
/nfs/share/home/tongliu/script-eval/build/VexiiRiscv_161_100/VexiiRiscv_161_100_build/log/chipfinish.log,599
/nfs/share/home/tongliu/script-eval/build/VexiiRiscv_161_100/VexiiRiscv_161_100_build/log/route.log,3327
/nfs/share/home/tongliu/script-eval/build/VexiiRiscv_161_100/VexiiRiscv_161_100_build/log/placement.log,3034
/nfs/share/home/tongliu/script-eval/build/VexiiRiscv_161_100/VexiiRiscv_161_100_build/log/cts.log,3026
/nfs/share/home/tongliu/script-eval/build/VexiiRiscv_161_100/VexiiRiscv_161_100_build/log/read_rtl.log,22
/nfs/share/home/tongliu/script-eval/build/VexiiRiscv_161_100/VexiiRiscv_161_100_build/log/floorplan.log,673
/nfs/share/home/tongliu/script-eval/build/VexiiRiscv_172_100/VexiiRiscv_172_100_build/log/chipfinish.log,435
/nfs/share/home/tongliu/script-eval/build/VexiiRiscv_172_100/VexiiRiscv_172_100_build/log/route.log,2475
/nfs/share/home/tongliu/script-eval/build/VexiiRiscv_172_100/VexiiRiscv_172_100_build/log/placement.log,2711
/nfs/share/home/tongliu/script-eval/build/VexiiRiscv_172_100/VexiiRiscv_172_100_build/log/cts.log,2452
/nfs/share/home/tongliu/script-eval/build/VexiiRiscv_172_100/VexiiRiscv_172_100_build/log/read_rtl.log,20
/nfs/share/home/tongliu/script-eval/build/VexiiRiscv_172_100/VexiiRiscv_172_100_build/log/floorplan.log,626
/nfs/share/home/tongliu/script-eval/build/VexiiRiscv_224_100/VexiiRiscv_224_100_build/log/chipfinish.log,2521
/nfs/share/home/tongliu/script-eval/build/VexiiRiscv_224_100/VexiiRiscv_224_100_build/log/route.log,16764
/nfs/share/home/tongliu/script-eval/build/VexiiRiscv_224_100/VexiiRiscv_224_100_build/log/placement.log,10580
/nfs/share/home/tongliu/script-eval/build/VexiiRiscv_224_100/VexiiRiscv_224_100_build/log/cts.log,11097
/nfs/share/home/tongliu/script-eval/build/VexiiRiscv_224_100/VexiiRiscv_224_100_build/log/read_rtl.log,115
/nfs/share/home/tongliu/script-eval/build/VexiiRiscv_224_100/VexiiRiscv_224_100_build/log/floorplan.log,2575
/nfs/share/home/tongliu/script-eval/build/VexiiRiscv_184_100/VexiiRiscv_184_100_build/log/chipfinish.log,633
/nfs/share/home/tongliu/script-eval/build/VexiiRiscv_184_100/VexiiRiscv_184_100_build/log/route.log,3827
/nfs/share/home/tongliu/script-eval/build/VexiiRiscv_184_100/VexiiRiscv_184_100_build/log/placement.log,3352
/nfs/share/home/tongliu/script-eval/build/VexiiRiscv_184_100/VexiiRiscv_184_100_build/log/cts.log,3746
/nfs/share/home/tongliu/script-eval/build/VexiiRiscv_184_100/VexiiRiscv_184_100_build/log/read_rtl.log,22
/nfs/share/home/tongliu/script-eval/build/VexiiRiscv_184_100/VexiiRiscv_184_100_build/log/floorplan.log,762
/nfs/share/home/tongliu/script-eval/build/VexiiRiscv_19_100/VexiiRiscv_19_100_build/log/chipfinish.log,1178
/nfs/share/home/tongliu/script-eval/build/VexiiRiscv_19_100/VexiiRiscv_19_100_build/log/route.log,7359
/nfs/share/home/tongliu/script-eval/build/VexiiRiscv_19_100/VexiiRiscv_19_100_build/log/placement.log,5101
/nfs/share/home/tongliu/script-eval/build/VexiiRiscv_19_100/VexiiRiscv_19_100_build/log/cts.log,5039
/nfs/share/home/tongliu/script-eval/build/VexiiRiscv_19_100/VexiiRiscv_19_100_build/log/read_rtl.log,28
/nfs/share/home/tongliu/script-eval/build/VexiiRiscv_19_100/VexiiRiscv_19_100_build/log/floorplan.log,1067
/nfs/share/home/tongliu/script-eval/build/VexiiRiscv_193_100/VexiiRiscv_193_100_build/log/chipfinish.log,1569
/nfs/share/home/tongliu/script-eval/build/VexiiRiscv_193_100/VexiiRiscv_193_100_build/log/route.log,10073
/nfs/share/home/tongliu/script-eval/build/VexiiRiscv_193_100/VexiiRiscv_193_100_build/log/placement.log,6527
/nfs/share/home/tongliu/script-eval/build/VexiiRiscv_193_100/VexiiRiscv_193_100_build/log/cts.log,8051
/nfs/share/home/tongliu/script-eval/build/VexiiRiscv_193_100/VexiiRiscv_193_100_build/log/read_rtl.log,99
/nfs/share/home/tongliu/script-eval/build/VexiiRiscv_193_100/VexiiRiscv_193_100_build/log/floorplan.log,1593
/nfs/share/home/tongliu/script-eval/build/VexiiRiscv_59_100/VexiiRiscv_59_100_build/log/chipfinish.log,2434
/nfs/share/home/tongliu/script-eval/build/VexiiRiscv_59_100/VexiiRiscv_59_100_build/log/route.log,17735
/nfs/share/home/tongliu/script-eval/build/VexiiRiscv_59_100/VexiiRiscv_59_100_build/log/placement.log,9041
/nfs/share/home/tongliu/script-eval/build/VexiiRiscv_59_100/VexiiRiscv_59_100_build/log/cts.log,22464
/nfs/share/home/tongliu/script-eval/build/VexiiRiscv_59_100/VexiiRiscv_59_100_build/log/read_rtl.log,189
/nfs/share/home/tongliu/script-eval/build/VexiiRiscv_59_100/VexiiRiscv_59_100_build/log/floorplan.log,2186
/nfs/share/home/tongliu/script-eval/build/VexiiRiscv_215_100/VexiiRiscv_215_100_build/log/chipfinish.log,1999
/nfs/share/home/tongliu/script-eval/build/VexiiRiscv_215_100/VexiiRiscv_215_100_build/log/route.log,12363
/nfs/share/home/tongliu/script-eval/build/VexiiRiscv_215_100/VexiiRiscv_215_100_build/log/placement.log,8333
/nfs/share/home/tongliu/script-eval/build/VexiiRiscv_215_100/VexiiRiscv_215_100_build/log/cts.log,8711
/nfs/share/home/tongliu/script-eval/build/VexiiRiscv_215_100/VexiiRiscv_215_100_build/log/read_rtl.log,100
/nfs/share/home/tongliu/script-eval/build/VexiiRiscv_215_100/VexiiRiscv_215_100_build/log/floorplan.log,2367
/nfs/share/home/tongliu/script-eval/build/VexiiRiscv_297_100/VexiiRiscv_297_100_build/log/chipfinish.log,957
/nfs/share/home/tongliu/script-eval/build/VexiiRiscv_297_100/VexiiRiscv_297_100_build/log/route.log,6311
/nfs/share/home/tongliu/script-eval/build/VexiiRiscv_297_100/VexiiRiscv_297_100_build/log/placement.log,4976
/nfs/share/home/tongliu/script-eval/build/VexiiRiscv_297_100/VexiiRiscv_297_100_build/log/cts.log,4716
/nfs/share/home/tongliu/script-eval/build/VexiiRiscv_297_100/VexiiRiscv_297_100_build/log/read_rtl.log,23
/nfs/share/home/tongliu/script-eval/build/VexiiRiscv_297_100/VexiiRiscv_297_100_build/log/floorplan.log,1102
/nfs/share/home/tongliu/script-eval/build/VexiiRiscv_30_100/VexiiRiscv_30_100_build/log/chipfinish.log,1365
/nfs/share/home/tongliu/script-eval/build/VexiiRiscv_30_100/VexiiRiscv_30_100_build/log/route.log,8612
/nfs/share/home/tongliu/script-eval/build/VexiiRiscv_30_100/VexiiRiscv_30_100_build/log/placement.log,6987
/nfs/share/home/tongliu/script-eval/build/VexiiRiscv_30_100/VexiiRiscv_30_100_build/log/cts.log,7018
/nfs/share/home/tongliu/script-eval/build/VexiiRiscv_30_100/VexiiRiscv_30_100_build/log/read_rtl.log,30
/nfs/share/home/tongliu/script-eval/build/VexiiRiscv_30_100/VexiiRiscv_30_100_build/log/floorplan.log,1352
/nfs/share/home/tongliu/script-eval/build/VexiiRiscv_375_100/VexiiRiscv_375_100_build/log/placement.log,20874
/nfs/share/home/tongliu/script-eval/build/VexiiRiscv_375_100/VexiiRiscv_375_100_build/log/read_rtl.log,227
/nfs/share/home/tongliu/script-eval/build/VexiiRiscv_375_100/VexiiRiscv_375_100_build/log/floorplan.log,4498
/nfs/share/home/tongliu/script-eval/build/VexiiRiscv_192_100/VexiiRiscv_192_100_build/log/chipfinish.log,2866
/nfs/share/home/tongliu/script-eval/build/VexiiRiscv_192_100/VexiiRiscv_192_100_build/log/route.log,18049
/nfs/share/home/tongliu/script-eval/build/VexiiRiscv_192_100/VexiiRiscv_192_100_build/log/placement.log,11075
/nfs/share/home/tongliu/script-eval/build/VexiiRiscv_192_100/VexiiRiscv_192_100_build/log/cts.log,11706
/nfs/share/home/tongliu/script-eval/build/VexiiRiscv_192_100/VexiiRiscv_192_100_build/log/read_rtl.log,446
/nfs/share/home/tongliu/script-eval/build/VexiiRiscv_192_100/VexiiRiscv_192_100_build/log/floorplan.log,3589
/nfs/share/home/tongliu/script-eval/build/VexiiRiscv_308_100/VexiiRiscv_308_100_build/log/chipfinish.log,2677
/nfs/share/home/tongliu/script-eval/build/VexiiRiscv_308_100/VexiiRiscv_308_100_build/log/route.log,18438
/nfs/share/home/tongliu/script-eval/build/VexiiRiscv_308_100/VexiiRiscv_308_100_build/log/placement.log,10278
/nfs/share/home/tongliu/script-eval/build/VexiiRiscv_308_100/VexiiRiscv_308_100_build/log/cts.log,12083
/nfs/share/home/tongliu/script-eval/build/VexiiRiscv_308_100/VexiiRiscv_308_100_build/log/read_rtl.log,115
/nfs/share/home/tongliu/script-eval/build/VexiiRiscv_308_100/VexiiRiscv_308_100_build/log/floorplan.log,2875
/nfs/share/home/tongliu/script-eval/build/VexiiRiscv_137_100/VexiiRiscv_137_100_build/log/chipfinish.log,3921
/nfs/share/home/tongliu/script-eval/build/VexiiRiscv_137_100/VexiiRiscv_137_100_build/log/route.log,25672
/nfs/share/home/tongliu/script-eval/build/VexiiRiscv_137_100/VexiiRiscv_137_100_build/log/placement.log,14959
/nfs/share/home/tongliu/script-eval/build/VexiiRiscv_137_100/VexiiRiscv_137_100_build/log/cts.log,15014
/nfs/share/home/tongliu/script-eval/build/VexiiRiscv_137_100/VexiiRiscv_137_100_build/log/read_rtl.log,53
/nfs/share/home/tongliu/script-eval/build/VexiiRiscv_137_100/VexiiRiscv_137_100_build/log/floorplan.log,3250
/nfs/share/home/tongliu/script-eval/build/VexiiRiscv_10_100/VexiiRiscv_10_100_build/log/chipfinish.log,4664
/nfs/share/home/tongliu/script-eval/build/VexiiRiscv_10_100/VexiiRiscv_10_100_build/log/route.log,27653
/nfs/share/home/tongliu/script-eval/build/VexiiRiscv_10_100/VexiiRiscv_10_100_build/log/placement.log,16225
/nfs/share/home/tongliu/script-eval/build/VexiiRiscv_10_100/VexiiRiscv_10_100_build/log/cts.log,18646
/nfs/share/home/tongliu/script-eval/build/VexiiRiscv_10_100/VexiiRiscv_10_100_build/log/read_rtl.log,85
/nfs/share/home/tongliu/script-eval/build/VexiiRiscv_10_100/VexiiRiscv_10_100_build/log/floorplan.log,3511
/nfs/share/home/tongliu/script-eval/build/VexiiRiscv_362_100/VexiiRiscv_362_100_build/log/placement.log,60490
/nfs/share/home/tongliu/script-eval/build/VexiiRiscv_362_100/VexiiRiscv_362_100_build/log/read_rtl.log,193
/nfs/share/home/tongliu/script-eval/build/VexiiRiscv_362_100/VexiiRiscv_362_100_build/log/floorplan.log,11132
/nfs/share/home/tongliu/script-eval/build/VexiiRiscv_133_100/VexiiRiscv_133_100_build/log/chipfinish.log,10529
/nfs/share/home/tongliu/script-eval/build/VexiiRiscv_133_100/VexiiRiscv_133_100_build/log/route.log,66459
/nfs/share/home/tongliu/script-eval/build/VexiiRiscv_133_100/VexiiRiscv_133_100_build/log/placement.log,37040
/nfs/share/home/tongliu/script-eval/build/VexiiRiscv_133_100/VexiiRiscv_133_100_build/log/cts.log,43892
/nfs/share/home/tongliu/script-eval/build/VexiiRiscv_133_100/VexiiRiscv_133_100_build/log/read_rtl.log,165
/nfs/share/home/tongliu/script-eval/build/VexiiRiscv_133_100/VexiiRiscv_133_100_build/log/floorplan.log,7921
/nfs/share/home/tongliu/script-eval/build/VexiiRiscv_240_100/VexiiRiscv_240_100_build/log/chipfinish.log,1819
/nfs/share/home/tongliu/script-eval/build/VexiiRiscv_240_100/VexiiRiscv_240_100_build/log/route.log,11750
/nfs/share/home/tongliu/script-eval/build/VexiiRiscv_240_100/VexiiRiscv_240_100_build/log/placement.log,8013
/nfs/share/home/tongliu/script-eval/build/VexiiRiscv_240_100/VexiiRiscv_240_100_build/log/cts.log,40938
/nfs/share/home/tongliu/script-eval/build/VexiiRiscv_240_100/VexiiRiscv_240_100_build/log/read_rtl.log,180
/nfs/share/home/tongliu/script-eval/build/VexiiRiscv_240_100/VexiiRiscv_240_100_build/log/floorplan.log,2233
/nfs/share/home/tongliu/script-eval/build/VexiiRiscv_58_100/VexiiRiscv_58_100_build/log/chipfinish.log,771
/nfs/share/home/tongliu/script-eval/build/VexiiRiscv_58_100/VexiiRiscv_58_100_build/log/route.log,4549
/nfs/share/home/tongliu/script-eval/build/VexiiRiscv_58_100/VexiiRiscv_58_100_build/log/placement.log,3656
/nfs/share/home/tongliu/script-eval/build/VexiiRiscv_58_100/VexiiRiscv_58_100_build/log/cts.log,3637
/nfs/share/home/tongliu/script-eval/build/VexiiRiscv_58_100/VexiiRiscv_58_100_build/log/read_rtl.log,26
/nfs/share/home/tongliu/script-eval/build/VexiiRiscv_58_100/VexiiRiscv_58_100_build/log/floorplan.log,938
/nfs/share/home/tongliu/script-eval/build/VexiiRiscv_325_100/VexiiRiscv_325_100_build/log/chipfinish.log,2298
/nfs/share/home/tongliu/script-eval/build/VexiiRiscv_325_100/VexiiRiscv_325_100_build/log/route.log,15449
/nfs/share/home/tongliu/script-eval/build/VexiiRiscv_325_100/VexiiRiscv_325_100_build/log/placement.log,7828
/nfs/share/home/tongliu/script-eval/build/VexiiRiscv_325_100/VexiiRiscv_325_100_build/log/cts.log,10265
/nfs/share/home/tongliu/script-eval/build/VexiiRiscv_325_100/VexiiRiscv_325_100_build/log/read_rtl.log,39
/nfs/share/home/tongliu/script-eval/build/VexiiRiscv_325_100/VexiiRiscv_325_100_build/log/floorplan.log,1835
/nfs/share/home/tongliu/script-eval/build/VexiiRiscv_21_100/VexiiRiscv_21_100_build/log/chipfinish.log,1587
/nfs/share/home/tongliu/script-eval/build/VexiiRiscv_21_100/VexiiRiscv_21_100_build/log/route.log,10877
/nfs/share/home/tongliu/script-eval/build/VexiiRiscv_21_100/VexiiRiscv_21_100_build/log/placement.log,7556
/nfs/share/home/tongliu/script-eval/build/VexiiRiscv_21_100/VexiiRiscv_21_100_build/log/cts.log,6779
/nfs/share/home/tongliu/script-eval/build/VexiiRiscv_21_100/VexiiRiscv_21_100_build/log/read_rtl.log,63
/nfs/share/home/tongliu/script-eval/build/VexiiRiscv_21_100/VexiiRiscv_21_100_build/log/floorplan.log,1777
/nfs/share/home/tongliu/script-eval/build/VexiiRiscv_87_100/VexiiRiscv_87_100_build/log/chipfinish.log,3887
/nfs/share/home/tongliu/script-eval/build/VexiiRiscv_87_100/VexiiRiscv_87_100_build/log/route.log,24829
/nfs/share/home/tongliu/script-eval/build/VexiiRiscv_87_100/VexiiRiscv_87_100_build/log/placement.log,14448
/nfs/share/home/tongliu/script-eval/build/VexiiRiscv_87_100/VexiiRiscv_87_100_build/log/cts.log,17988
/nfs/share/home/tongliu/script-eval/build/VexiiRiscv_87_100/VexiiRiscv_87_100_build/log/read_rtl.log,130
/nfs/share/home/tongliu/script-eval/build/VexiiRiscv_87_100/VexiiRiscv_87_100_build/log/floorplan.log,3322
/nfs/share/home/tongliu/script-eval/build/VexiiRiscv_93_100/VexiiRiscv_93_100_build/log/chipfinish.log,1248
/nfs/share/home/tongliu/script-eval/build/VexiiRiscv_93_100/VexiiRiscv_93_100_build/log/route.log,6634
/nfs/share/home/tongliu/script-eval/build/VexiiRiscv_93_100/VexiiRiscv_93_100_build/log/placement.log,5523
/nfs/share/home/tongliu/script-eval/build/VexiiRiscv_93_100/VexiiRiscv_93_100_build/log/cts.log,5287
/nfs/share/home/tongliu/script-eval/build/VexiiRiscv_93_100/VexiiRiscv_93_100_build/log/read_rtl.log,26
/nfs/share/home/tongliu/script-eval/build/VexiiRiscv_93_100/VexiiRiscv_93_100_build/log/floorplan.log,1203
/nfs/share/home/tongliu/script-eval/build/VexiiRiscv_108_100/VexiiRiscv_108_100_build/log/chipfinish.log,6056
/nfs/share/home/tongliu/script-eval/build/VexiiRiscv_108_100/VexiiRiscv_108_100_build/log/route.log,36019
/nfs/share/home/tongliu/script-eval/build/VexiiRiscv_108_100/VexiiRiscv_108_100_build/log/placement.log,21511
/nfs/share/home/tongliu/script-eval/build/VexiiRiscv_108_100/VexiiRiscv_108_100_build/log/cts.log,25502
/nfs/share/home/tongliu/script-eval/build/VexiiRiscv_108_100/VexiiRiscv_108_100_build/log/read_rtl.log,135
/nfs/share/home/tongliu/script-eval/build/VexiiRiscv_108_100/VexiiRiscv_108_100_build/log/floorplan.log,4453
/nfs/share/home/tongliu/script-eval/build/VexiiRiscv_381_100/VexiiRiscv_381_100_build/log/chipfinish.log,2872
/nfs/share/home/tongliu/script-eval/build/VexiiRiscv_381_100/VexiiRiscv_381_100_build/log/route.log,18831
/nfs/share/home/tongliu/script-eval/build/VexiiRiscv_381_100/VexiiRiscv_381_100_build/log/placement.log,12052
/nfs/share/home/tongliu/script-eval/build/VexiiRiscv_381_100/VexiiRiscv_381_100_build/log/cts.log,15461
/nfs/share/home/tongliu/script-eval/build/VexiiRiscv_381_100/VexiiRiscv_381_100_build/log/read_rtl.log,36
/nfs/share/home/tongliu/script-eval/build/VexiiRiscv_381_100/VexiiRiscv_381_100_build/log/floorplan.log,2544
/nfs/share/home/tongliu/script-eval/build/VexiiRiscv_119_100/VexiiRiscv_119_100_build/log/chipfinish.log,4001
/nfs/share/home/tongliu/script-eval/build/VexiiRiscv_119_100/VexiiRiscv_119_100_build/log/route.log,26815
/nfs/share/home/tongliu/script-eval/build/VexiiRiscv_119_100/VexiiRiscv_119_100_build/log/placement.log,14853
/nfs/share/home/tongliu/script-eval/build/VexiiRiscv_119_100/VexiiRiscv_119_100_build/log/cts.log,36852
/nfs/share/home/tongliu/script-eval/build/VexiiRiscv_119_100/VexiiRiscv_119_100_build/log/read_rtl.log,233
/nfs/share/home/tongliu/script-eval/build/VexiiRiscv_119_100/VexiiRiscv_119_100_build/log/floorplan.log,3347
/nfs/share/home/tongliu/script-eval/build/VexiiRiscv_147_100/VexiiRiscv_147_100_build/log/chipfinish.log,9612
/nfs/share/home/tongliu/script-eval/build/VexiiRiscv_147_100/VexiiRiscv_147_100_build/log/route.log,61905
/nfs/share/home/tongliu/script-eval/build/VexiiRiscv_147_100/VexiiRiscv_147_100_build/log/placement.log,36737
/nfs/share/home/tongliu/script-eval/build/VexiiRiscv_147_100/VexiiRiscv_147_100_build/log/cts.log,48351
/nfs/share/home/tongliu/script-eval/build/VexiiRiscv_147_100/VexiiRiscv_147_100_build/log/read_rtl.log,166
/nfs/share/home/tongliu/script-eval/build/VexiiRiscv_147_100/VexiiRiscv_147_100_build/log/floorplan.log,7940
/nfs/share/home/tongliu/script-eval/build/VexiiRiscv_309_100/VexiiRiscv_309_100_build/log/chipfinish.log,610
/nfs/share/home/tongliu/script-eval/build/VexiiRiscv_309_100/VexiiRiscv_309_100_build/log/route.log,4031
/nfs/share/home/tongliu/script-eval/build/VexiiRiscv_309_100/VexiiRiscv_309_100_build/log/placement.log,3433
/nfs/share/home/tongliu/script-eval/build/VexiiRiscv_309_100/VexiiRiscv_309_100_build/log/cts.log,3693
/nfs/share/home/tongliu/script-eval/build/VexiiRiscv_309_100/VexiiRiscv_309_100_build/log/read_rtl.log,22
/nfs/share/home/tongliu/script-eval/build/VexiiRiscv_309_100/VexiiRiscv_309_100_build/log/floorplan.log,748
/nfs/share/home/tongliu/script-eval/build/VexiiRiscv_273_100/VexiiRiscv_273_100_build/log/chipfinish.log,2028
/nfs/share/home/tongliu/script-eval/build/VexiiRiscv_273_100/VexiiRiscv_273_100_build/log/route.log,12813
/nfs/share/home/tongliu/script-eval/build/VexiiRiscv_273_100/VexiiRiscv_273_100_build/log/placement.log,8279
/nfs/share/home/tongliu/script-eval/build/VexiiRiscv_273_100/VexiiRiscv_273_100_build/log/cts.log,8655
/nfs/share/home/tongliu/script-eval/build/VexiiRiscv_273_100/VexiiRiscv_273_100_build/log/read_rtl.log,98
/nfs/share/home/tongliu/script-eval/build/VexiiRiscv_273_100/VexiiRiscv_273_100_build/log/floorplan.log,1921
/nfs/share/home/tongliu/script-eval/build/VexiiRiscv_95_100/VexiiRiscv_95_100_build/log/chipfinish.log,1320
/nfs/share/home/tongliu/script-eval/build/VexiiRiscv_95_100/VexiiRiscv_95_100_build/log/route.log,8053
/nfs/share/home/tongliu/script-eval/build/VexiiRiscv_95_100/VexiiRiscv_95_100_build/log/placement.log,6964
/nfs/share/home/tongliu/script-eval/build/VexiiRiscv_95_100/VexiiRiscv_95_100_build/log/cts.log,7012
/nfs/share/home/tongliu/script-eval/build/VexiiRiscv_95_100/VexiiRiscv_95_100_build/log/read_rtl.log,32
/nfs/share/home/tongliu/script-eval/build/VexiiRiscv_95_100/VexiiRiscv_95_100_build/log/floorplan.log,1351
/nfs/share/home/tongliu/script-eval/build/VexiiRiscv_160_100/VexiiRiscv_160_100_build/log/chipfinish.log,20701
/nfs/share/home/tongliu/script-eval/build/VexiiRiscv_160_100/VexiiRiscv_160_100_build/log/route.log,144240
/nfs/share/home/tongliu/script-eval/build/VexiiRiscv_160_100/VexiiRiscv_160_100_build/log/placement.log,70861
/nfs/share/home/tongliu/script-eval/build/VexiiRiscv_160_100/VexiiRiscv_160_100_build/log/cts.log,84138
/nfs/share/home/tongliu/script-eval/build/VexiiRiscv_160_100/VexiiRiscv_160_100_build/log/read_rtl.log,434
/nfs/share/home/tongliu/script-eval/build/VexiiRiscv_160_100/VexiiRiscv_160_100_build/log/floorplan.log,13354
/nfs/share/home/tongliu/script-eval/build/VexiiRiscv_402_100/VexiiRiscv_402_100_build/log/placement.log,8884
/nfs/share/home/tongliu/script-eval/build/VexiiRiscv_402_100/VexiiRiscv_402_100_build/log/read_rtl.log,115
/nfs/share/home/tongliu/script-eval/build/VexiiRiscv_402_100/VexiiRiscv_402_100_build/log/floorplan.log,2125
/nfs/share/home/tongliu/script-eval/build/VexiiRiscv_142_100/VexiiRiscv_142_100_build/log/chipfinish.log,2948
/nfs/share/home/tongliu/script-eval/build/VexiiRiscv_142_100/VexiiRiscv_142_100_build/log/route.log,20373
/nfs/share/home/tongliu/script-eval/build/VexiiRiscv_142_100/VexiiRiscv_142_100_build/log/placement.log,12236
/nfs/share/home/tongliu/script-eval/build/VexiiRiscv_142_100/VexiiRiscv_142_100_build/log/cts.log,13786
/nfs/share/home/tongliu/script-eval/build/VexiiRiscv_142_100/VexiiRiscv_142_100_build/log/read_rtl.log,459
/nfs/share/home/tongliu/script-eval/build/VexiiRiscv_142_100/VexiiRiscv_142_100_build/log/floorplan.log,4327
/nfs/share/home/tongliu/script-eval/build/VexiiRiscv_91_100/VexiiRiscv_91_100_build/log/chipfinish.log,2727
/nfs/share/home/tongliu/script-eval/build/VexiiRiscv_91_100/VexiiRiscv_91_100_build/log/route.log,18785
/nfs/share/home/tongliu/script-eval/build/VexiiRiscv_91_100/VexiiRiscv_91_100_build/log/placement.log,9980
/nfs/share/home/tongliu/script-eval/build/VexiiRiscv_91_100/VexiiRiscv_91_100_build/log/cts.log,11745
/nfs/share/home/tongliu/script-eval/build/VexiiRiscv_91_100/VexiiRiscv_91_100_build/log/read_rtl.log,115
/nfs/share/home/tongliu/script-eval/build/VexiiRiscv_91_100/VexiiRiscv_91_100_build/log/floorplan.log,2692
/nfs/share/home/tongliu/script-eval/build/VexiiRiscv_221_100/VexiiRiscv_221_100_build/log/chipfinish.log,1862
/nfs/share/home/tongliu/script-eval/build/VexiiRiscv_221_100/VexiiRiscv_221_100_build/log/route.log,10649
/nfs/share/home/tongliu/script-eval/build/VexiiRiscv_221_100/VexiiRiscv_221_100_build/log/placement.log,7286
/nfs/share/home/tongliu/script-eval/build/VexiiRiscv_221_100/VexiiRiscv_221_100_build/log/cts.log,7273
/nfs/share/home/tongliu/script-eval/build/VexiiRiscv_221_100/VexiiRiscv_221_100_build/log/read_rtl.log,27
/nfs/share/home/tongliu/script-eval/build/VexiiRiscv_221_100/VexiiRiscv_221_100_build/log/floorplan.log,1723
/nfs/share/home/tongliu/script-eval/build/VexiiRiscv_225_100/VexiiRiscv_225_100_build/log/chipfinish.log,5912
/nfs/share/home/tongliu/script-eval/build/VexiiRiscv_225_100/VexiiRiscv_225_100_build/log/route.log,37300
/nfs/share/home/tongliu/script-eval/build/VexiiRiscv_225_100/VexiiRiscv_225_100_build/log/placement.log,24401
/nfs/share/home/tongliu/script-eval/build/VexiiRiscv_225_100/VexiiRiscv_225_100_build/log/cts.log,24005
/nfs/share/home/tongliu/script-eval/build/VexiiRiscv_225_100/VexiiRiscv_225_100_build/log/read_rtl.log,135
/nfs/share/home/tongliu/script-eval/build/VexiiRiscv_225_100/VexiiRiscv_225_100_build/log/floorplan.log,4898
/nfs/share/home/tongliu/script-eval/build/VexiiRiscv_3_100/VexiiRiscv_3_100_build/log/placement.log,23754
/nfs/share/home/tongliu/script-eval/build/VexiiRiscv_3_100/VexiiRiscv_3_100_build/log/cts.log,99336
/nfs/share/home/tongliu/script-eval/build/VexiiRiscv_3_100/VexiiRiscv_3_100_build/log/read_rtl.log,287
/nfs/share/home/tongliu/script-eval/build/VexiiRiscv_3_100/VexiiRiscv_3_100_build/log/floorplan.log,5104
/nfs/share/home/tongliu/script-eval/build/VexiiRiscv_121_100/VexiiRiscv_121_100_build/log/chipfinish.log,4722
/nfs/share/home/tongliu/script-eval/build/VexiiRiscv_121_100/VexiiRiscv_121_100_build/log/route.log,27563
/nfs/share/home/tongliu/script-eval/build/VexiiRiscv_121_100/VexiiRiscv_121_100_build/log/placement.log,15117
/nfs/share/home/tongliu/script-eval/build/VexiiRiscv_121_100/VexiiRiscv_121_100_build/log/cts.log,15565
/nfs/share/home/tongliu/script-eval/build/VexiiRiscv_121_100/VexiiRiscv_121_100_build/log/read_rtl.log,140
/nfs/share/home/tongliu/script-eval/build/VexiiRiscv_121_100/VexiiRiscv_121_100_build/log/floorplan.log,3215
/nfs/share/home/tongliu/script-eval/build/VexiiRiscv_347_100/VexiiRiscv_347_100_build/log/chipfinish.log,1654
/nfs/share/home/tongliu/script-eval/build/VexiiRiscv_347_100/VexiiRiscv_347_100_build/log/route.log,10622
/nfs/share/home/tongliu/script-eval/build/VexiiRiscv_347_100/VexiiRiscv_347_100_build/log/placement.log,6813
/nfs/share/home/tongliu/script-eval/build/VexiiRiscv_347_100/VexiiRiscv_347_100_build/log/cts.log,7783
/nfs/share/home/tongliu/script-eval/build/VexiiRiscv_347_100/VexiiRiscv_347_100_build/log/read_rtl.log,33
/nfs/share/home/tongliu/script-eval/build/VexiiRiscv_347_100/VexiiRiscv_347_100_build/log/floorplan.log,1707
/nfs/share/home/tongliu/script-eval/build/VexiiRiscv_32_100/VexiiRiscv_32_100_build/log/chipfinish.log,493
/nfs/share/home/tongliu/script-eval/build/VexiiRiscv_32_100/VexiiRiscv_32_100_build/log/route.log,3088
/nfs/share/home/tongliu/script-eval/build/VexiiRiscv_32_100/VexiiRiscv_32_100_build/log/placement.log,3176
/nfs/share/home/tongliu/script-eval/build/VexiiRiscv_32_100/VexiiRiscv_32_100_build/log/cts.log,3129
/nfs/share/home/tongliu/script-eval/build/VexiiRiscv_32_100/VexiiRiscv_32_100_build/log/read_rtl.log,24
/nfs/share/home/tongliu/script-eval/build/VexiiRiscv_32_100/VexiiRiscv_32_100_build/log/floorplan.log,677
/nfs/share/home/tongliu/script-eval/build/VexiiRiscv_57_100/VexiiRiscv_57_100_build/log/chipfinish.log,1764
/nfs/share/home/tongliu/script-eval/build/VexiiRiscv_57_100/VexiiRiscv_57_100_build/log/route.log,11056
/nfs/share/home/tongliu/script-eval/build/VexiiRiscv_57_100/VexiiRiscv_57_100_build/log/placement.log,7958
/nfs/share/home/tongliu/script-eval/build/VexiiRiscv_57_100/VexiiRiscv_57_100_build/log/cts.log,7343
/nfs/share/home/tongliu/script-eval/build/VexiiRiscv_57_100/VexiiRiscv_57_100_build/log/read_rtl.log,36
/nfs/share/home/tongliu/script-eval/build/VexiiRiscv_57_100/VexiiRiscv_57_100_build/log/floorplan.log,1637
/nfs/share/home/tongliu/script-eval/build/VexiiRiscv_319_100/VexiiRiscv_319_100_build/log/chipfinish.log,3521
/nfs/share/home/tongliu/script-eval/build/VexiiRiscv_319_100/VexiiRiscv_319_100_build/log/route.log,23125
/nfs/share/home/tongliu/script-eval/build/VexiiRiscv_319_100/VexiiRiscv_319_100_build/log/placement.log,14417
/nfs/share/home/tongliu/script-eval/build/VexiiRiscv_319_100/VexiiRiscv_319_100_build/log/cts.log,17267
/nfs/share/home/tongliu/script-eval/build/VexiiRiscv_319_100/VexiiRiscv_319_100_build/log/read_rtl.log,44
/nfs/share/home/tongliu/script-eval/build/VexiiRiscv_319_100/VexiiRiscv_319_100_build/log/floorplan.log,2997
/nfs/share/home/tongliu/script-eval/build/VexiiRiscv_37_100/VexiiRiscv_37_100_build/log/chipfinish.log,1300
/nfs/share/home/tongliu/script-eval/build/VexiiRiscv_37_100/VexiiRiscv_37_100_build/log/route.log,8644
/nfs/share/home/tongliu/script-eval/build/VexiiRiscv_37_100/VexiiRiscv_37_100_build/log/placement.log,5623
/nfs/share/home/tongliu/script-eval/build/VexiiRiscv_37_100/VexiiRiscv_37_100_build/log/cts.log,5486
/nfs/share/home/tongliu/script-eval/build/VexiiRiscv_37_100/VexiiRiscv_37_100_build/log/read_rtl.log,29
/nfs/share/home/tongliu/script-eval/build/VexiiRiscv_37_100/VexiiRiscv_37_100_build/log/floorplan.log,1265
/nfs/share/home/tongliu/script-eval/build/VexiiRiscv_150_100/VexiiRiscv_150_100_build/log/chipfinish.log,3610
/nfs/share/home/tongliu/script-eval/build/VexiiRiscv_150_100/VexiiRiscv_150_100_build/log/route.log,25859
/nfs/share/home/tongliu/script-eval/build/VexiiRiscv_150_100/VexiiRiscv_150_100_build/log/placement.log,14219
/nfs/share/home/tongliu/script-eval/build/VexiiRiscv_150_100/VexiiRiscv_150_100_build/log/cts.log,16236
/nfs/share/home/tongliu/script-eval/build/VexiiRiscv_150_100/VexiiRiscv_150_100_build/log/read_rtl.log,129
/nfs/share/home/tongliu/script-eval/build/VexiiRiscv_150_100/VexiiRiscv_150_100_build/log/floorplan.log,3589
/nfs/share/home/tongliu/script-eval/build/VexiiRiscv_334_100/VexiiRiscv_334_100_build/log/chipfinish.log,2211
/nfs/share/home/tongliu/script-eval/build/VexiiRiscv_334_100/VexiiRiscv_334_100_build/log/route.log,16896
/nfs/share/home/tongliu/script-eval/build/VexiiRiscv_334_100/VexiiRiscv_334_100_build/log/placement.log,9072
/nfs/share/home/tongliu/script-eval/build/VexiiRiscv_334_100/VexiiRiscv_334_100_build/log/cts.log,9978
/nfs/share/home/tongliu/script-eval/build/VexiiRiscv_334_100/VexiiRiscv_334_100_build/log/read_rtl.log,111
/nfs/share/home/tongliu/script-eval/build/VexiiRiscv_334_100/VexiiRiscv_334_100_build/log/floorplan.log,2214
/nfs/share/home/tongliu/script-eval/build/VexiiRiscv_53_100/VexiiRiscv_53_100_build/log/chipfinish.log,3459
/nfs/share/home/tongliu/script-eval/build/VexiiRiscv_53_100/VexiiRiscv_53_100_build/log/route.log,26428
/nfs/share/home/tongliu/script-eval/build/VexiiRiscv_53_100/VexiiRiscv_53_100_build/log/placement.log,13589
/nfs/share/home/tongliu/script-eval/build/VexiiRiscv_53_100/VexiiRiscv_53_100_build/log/cts.log,20578
/nfs/share/home/tongliu/script-eval/build/VexiiRiscv_53_100/VexiiRiscv_53_100_build/log/read_rtl.log,235
/nfs/share/home/tongliu/script-eval/build/VexiiRiscv_53_100/VexiiRiscv_53_100_build/log/floorplan.log,3391
/nfs/share/home/tongliu/script-eval/build/VexiiRiscv_46_100/VexiiRiscv_46_100_build/log/chipfinish.log,631
/nfs/share/home/tongliu/script-eval/build/VexiiRiscv_46_100/VexiiRiscv_46_100_build/log/route.log,3806
/nfs/share/home/tongliu/script-eval/build/VexiiRiscv_46_100/VexiiRiscv_46_100_build/log/placement.log,3636
/nfs/share/home/tongliu/script-eval/build/VexiiRiscv_46_100/VexiiRiscv_46_100_build/log/cts.log,3343
/nfs/share/home/tongliu/script-eval/build/VexiiRiscv_46_100/VexiiRiscv_46_100_build/log/read_rtl.log,24
/nfs/share/home/tongliu/script-eval/build/VexiiRiscv_46_100/VexiiRiscv_46_100_build/log/floorplan.log,825
/nfs/share/home/tongliu/script-eval/build/VexiiRiscv_62_100/VexiiRiscv_62_100_build/log/chipfinish.log,3480
/nfs/share/home/tongliu/script-eval/build/VexiiRiscv_62_100/VexiiRiscv_62_100_build/log/route.log,20538
/nfs/share/home/tongliu/script-eval/build/VexiiRiscv_62_100/VexiiRiscv_62_100_build/log/placement.log,11603
/nfs/share/home/tongliu/script-eval/build/VexiiRiscv_62_100/VexiiRiscv_62_100_build/log/cts.log,12809
/nfs/share/home/tongliu/script-eval/build/VexiiRiscv_62_100/VexiiRiscv_62_100_build/log/read_rtl.log,47
/nfs/share/home/tongliu/script-eval/build/VexiiRiscv_62_100/VexiiRiscv_62_100_build/log/floorplan.log,2616
/nfs/share/home/tongliu/script-eval/build/VexiiRiscv_9_100/VexiiRiscv_9_100_build/log/chipfinish.log,729
/nfs/share/home/tongliu/script-eval/build/VexiiRiscv_9_100/VexiiRiscv_9_100_build/log/route.log,4038
/nfs/share/home/tongliu/script-eval/build/VexiiRiscv_9_100/VexiiRiscv_9_100_build/log/placement.log,3895
/nfs/share/home/tongliu/script-eval/build/VexiiRiscv_9_100/VexiiRiscv_9_100_build/log/cts.log,3692
/nfs/share/home/tongliu/script-eval/build/VexiiRiscv_9_100/VexiiRiscv_9_100_build/log/read_rtl.log,25
/nfs/share/home/tongliu/script-eval/build/VexiiRiscv_9_100/VexiiRiscv_9_100_build/log/floorplan.log,801
/nfs/share/home/tongliu/script-eval/build/VexiiRiscv_cache_small_fpu_mico_100/VexiiRiscv_cache_small_fpu_mico_100_build/log/chipfinish.log,3022
/nfs/share/home/tongliu/script-eval/build/VexiiRiscv_cache_small_fpu_mico_100/VexiiRiscv_cache_small_fpu_mico_100_build/log/route.log,20073
/nfs/share/home/tongliu/script-eval/build/VexiiRiscv_cache_small_fpu_mico_100/VexiiRiscv_cache_small_fpu_mico_100_build/log/placement.log,12079
/nfs/share/home/tongliu/script-eval/build/VexiiRiscv_cache_small_fpu_mico_100/VexiiRiscv_cache_small_fpu_mico_100_build/log/cts.log,12486
/nfs/share/home/tongliu/script-eval/build/VexiiRiscv_7_100/VexiiRiscv_7_100_build/log/chipfinish.log,1473
/nfs/share/home/tongliu/script-eval/build/VexiiRiscv_7_100/VexiiRiscv_7_100_build/log/route.log,10719
/nfs/share/home/tongliu/script-eval/build/VexiiRiscv_7_100/VexiiRiscv_7_100_build/log/placement.log,6711
/nfs/share/home/tongliu/script-eval/build/VexiiRiscv_7_100/VexiiRiscv_7_100_build/log/cts.log,7171
/nfs/share/home/tongliu/script-eval/build/VexiiRiscv_7_100/VexiiRiscv_7_100_build/log/read_rtl.log,30
/nfs/share/home/tongliu/script-eval/build/VexiiRiscv_7_100/VexiiRiscv_7_100_build/log/floorplan.log,1408
/nfs/share/home/tongliu/script-eval/build/VexiiRiscv_25_100/VexiiRiscv_25_100_build/log/placement.log,34255
/nfs/share/home/tongliu/script-eval/build/VexiiRiscv_25_100/VexiiRiscv_25_100_build/log/cts.log,124325
/nfs/share/home/tongliu/script-eval/build/VexiiRiscv_25_100/VexiiRiscv_25_100_build/log/read_rtl.log,232
/nfs/share/home/tongliu/script-eval/build/VexiiRiscv_25_100/VexiiRiscv_25_100_build/log/floorplan.log,7236
/nfs/share/home/tongliu/script-eval/build/VexiiRiscv_31_100/VexiiRiscv_31_100_build/log/chipfinish.log,6516
/nfs/share/home/tongliu/script-eval/build/VexiiRiscv_31_100/VexiiRiscv_31_100_build/log/route.log,41492
/nfs/share/home/tongliu/script-eval/build/VexiiRiscv_31_100/VexiiRiscv_31_100_build/log/placement.log,22407
/nfs/share/home/tongliu/script-eval/build/VexiiRiscv_31_100/VexiiRiscv_31_100_build/log/cts.log,22501
/nfs/share/home/tongliu/script-eval/build/VexiiRiscv_31_100/VexiiRiscv_31_100_build/log/read_rtl.log,80
/nfs/share/home/tongliu/script-eval/build/VexiiRiscv_31_100/VexiiRiscv_31_100_build/log/floorplan.log,4574
/nfs/share/home/tongliu/script-eval/build/VexiiRiscv_318_100/VexiiRiscv_318_100_build/log/chipfinish.log,793
/nfs/share/home/tongliu/script-eval/build/VexiiRiscv_318_100/VexiiRiscv_318_100_build/log/route.log,4377
/nfs/share/home/tongliu/script-eval/build/VexiiRiscv_318_100/VexiiRiscv_318_100_build/log/placement.log,4186
/nfs/share/home/tongliu/script-eval/build/VexiiRiscv_318_100/VexiiRiscv_318_100_build/log/cts.log,4080
/nfs/share/home/tongliu/script-eval/build/VexiiRiscv_318_100/VexiiRiscv_318_100_build/log/read_rtl.log,24
/nfs/share/home/tongliu/script-eval/build/VexiiRiscv_318_100/VexiiRiscv_318_100_build/log/floorplan.log,830
/nfs/share/home/tongliu/script-eval/build/VexiiRiscv_338_100/VexiiRiscv_338_100_build/log/chipfinish.log,898
/nfs/share/home/tongliu/script-eval/build/VexiiRiscv_338_100/VexiiRiscv_338_100_build/log/route.log,5102
/nfs/share/home/tongliu/script-eval/build/VexiiRiscv_338_100/VexiiRiscv_338_100_build/log/placement.log,4894
/nfs/share/home/tongliu/script-eval/build/VexiiRiscv_338_100/VexiiRiscv_338_100_build/log/cts.log,4436
/nfs/share/home/tongliu/script-eval/build/VexiiRiscv_338_100/VexiiRiscv_338_100_build/log/read_rtl.log,22
/nfs/share/home/tongliu/script-eval/build/VexiiRiscv_338_100/VexiiRiscv_338_100_build/log/floorplan.log,975
/nfs/share/home/tongliu/script-eval/build/VexiiRiscv_262_100/VexiiRiscv_262_100_build/log/chipfinish.log,3525
/nfs/share/home/tongliu/script-eval/build/VexiiRiscv_262_100/VexiiRiscv_262_100_build/log/route.log,20958
/nfs/share/home/tongliu/script-eval/build/VexiiRiscv_262_100/VexiiRiscv_262_100_build/log/placement.log,12516
/nfs/share/home/tongliu/script-eval/build/VexiiRiscv_262_100/VexiiRiscv_262_100_build/log/cts.log,13341
/nfs/share/home/tongliu/script-eval/build/VexiiRiscv_262_100/VexiiRiscv_262_100_build/log/read_rtl.log,127
/nfs/share/home/tongliu/script-eval/build/VexiiRiscv_262_100/VexiiRiscv_262_100_build/log/floorplan.log,2826
/nfs/share/home/tongliu/script-eval/build/VexiiRiscv_22_100/VexiiRiscv_22_100_build/log/chipfinish.log,3064
/nfs/share/home/tongliu/script-eval/build/VexiiRiscv_22_100/VexiiRiscv_22_100_build/log/route.log,22732
/nfs/share/home/tongliu/script-eval/build/VexiiRiscv_22_100/VexiiRiscv_22_100_build/log/placement.log,11182
/nfs/share/home/tongliu/script-eval/build/VexiiRiscv_22_100/VexiiRiscv_22_100_build/log/cts.log,24148
/nfs/share/home/tongliu/script-eval/build/VexiiRiscv_22_100/VexiiRiscv_22_100_build/log/read_rtl.log,209
/nfs/share/home/tongliu/script-eval/build/VexiiRiscv_22_100/VexiiRiscv_22_100_build/log/floorplan.log,2899
/nfs/share/home/tongliu/script-eval/build/VexiiRiscv_377_100/VexiiRiscv_377_100_build/log/placement.log,35483
/nfs/share/home/tongliu/script-eval/build/VexiiRiscv_377_100/VexiiRiscv_377_100_build/log/read_rtl.log,144
/nfs/share/home/tongliu/script-eval/build/VexiiRiscv_377_100/VexiiRiscv_377_100_build/log/floorplan.log,6111
/nfs/share/home/tongliu/script-eval/build/VexiiRiscv_259_100/VexiiRiscv_259_100_build/log/chipfinish.log,1774
/nfs/share/home/tongliu/script-eval/build/VexiiRiscv_259_100/VexiiRiscv_259_100_build/log/route.log,10265
/nfs/share/home/tongliu/script-eval/build/VexiiRiscv_259_100/VexiiRiscv_259_100_build/log/placement.log,6972
/nfs/share/home/tongliu/script-eval/build/VexiiRiscv_259_100/VexiiRiscv_259_100_build/log/cts.log,8292
/nfs/share/home/tongliu/script-eval/build/VexiiRiscv_259_100/VexiiRiscv_259_100_build/log/read_rtl.log,96
/nfs/share/home/tongliu/script-eval/build/VexiiRiscv_259_100/VexiiRiscv_259_100_build/log/floorplan.log,1917
/nfs/share/home/tongliu/script-eval/build/VexiiRiscv_324_100/VexiiRiscv_324_100_build/log/chipfinish.log,2144
/nfs/share/home/tongliu/script-eval/build/VexiiRiscv_324_100/VexiiRiscv_324_100_build/log/route.log,14055
/nfs/share/home/tongliu/script-eval/build/VexiiRiscv_324_100/VexiiRiscv_324_100_build/log/placement.log,9149
/nfs/share/home/tongliu/script-eval/build/VexiiRiscv_324_100/VexiiRiscv_324_100_build/log/cts.log,9043
/nfs/share/home/tongliu/script-eval/build/VexiiRiscv_324_100/VexiiRiscv_324_100_build/log/read_rtl.log,64
/nfs/share/home/tongliu/script-eval/build/VexiiRiscv_324_100/VexiiRiscv_324_100_build/log/floorplan.log,2118
/nfs/share/home/tongliu/script-eval/build/VexiiRiscv_1_100/VexiiRiscv_1_100_build/log/chipfinish.log,973
/nfs/share/home/tongliu/script-eval/build/VexiiRiscv_1_100/VexiiRiscv_1_100_build/log/route.log,6501
/nfs/share/home/tongliu/script-eval/build/VexiiRiscv_1_100/VexiiRiscv_1_100_build/log/placement.log,4747
/nfs/share/home/tongliu/script-eval/build/VexiiRiscv_1_100/VexiiRiscv_1_100_build/log/cts.log,4578
/nfs/share/home/tongliu/script-eval/build/VexiiRiscv_1_100/VexiiRiscv_1_100_build/log/read_rtl.log,27
/nfs/share/home/tongliu/script-eval/build/VexiiRiscv_1_100/VexiiRiscv_1_100_build/log/floorplan.log,1068
/nfs/share/home/tongliu/script-eval/build/VexiiRiscv_97_100/VexiiRiscv_97_100_build/log/chipfinish.log,4745
/nfs/share/home/tongliu/script-eval/build/VexiiRiscv_97_100/VexiiRiscv_97_100_build/log/route.log,29616
/nfs/share/home/tongliu/script-eval/build/VexiiRiscv_97_100/VexiiRiscv_97_100_build/log/placement.log,16636
/nfs/share/home/tongliu/script-eval/build/VexiiRiscv_97_100/VexiiRiscv_97_100_build/log/cts.log,34868
/nfs/share/home/tongliu/script-eval/build/VexiiRiscv_97_100/VexiiRiscv_97_100_build/log/read_rtl.log,220
/nfs/share/home/tongliu/script-eval/build/VexiiRiscv_97_100/VexiiRiscv_97_100_build/log/floorplan.log,3509
/nfs/share/home/tongliu/script-eval/build/VexiiRiscv_321_100/VexiiRiscv_321_100_build/log/chipfinish.log,5407
/nfs/share/home/tongliu/script-eval/build/VexiiRiscv_321_100/VexiiRiscv_321_100_build/log/route.log,34526
/nfs/share/home/tongliu/script-eval/build/VexiiRiscv_321_100/VexiiRiscv_321_100_build/log/placement.log,22746
/nfs/share/home/tongliu/script-eval/build/VexiiRiscv_321_100/VexiiRiscv_321_100_build/log/cts.log,27352
/nfs/share/home/tongliu/script-eval/build/VexiiRiscv_321_100/VexiiRiscv_321_100_build/log/read_rtl.log,56
/nfs/share/home/tongliu/script-eval/build/VexiiRiscv_321_100/VexiiRiscv_321_100_build/log/floorplan.log,4014
/nfs/share/home/tongliu/script-eval/build/VexiiRiscv_146_100/VexiiRiscv_146_100_build/log/chipfinish.log,10047
/nfs/share/home/tongliu/script-eval/build/VexiiRiscv_146_100/VexiiRiscv_146_100_build/log/route.log,62204
/nfs/share/home/tongliu/script-eval/build/VexiiRiscv_146_100/VexiiRiscv_146_100_build/log/placement.log,38087
/nfs/share/home/tongliu/script-eval/build/VexiiRiscv_146_100/VexiiRiscv_146_100_build/log/cts.log,35089
/nfs/share/home/tongliu/script-eval/build/VexiiRiscv_146_100/VexiiRiscv_146_100_build/log/read_rtl.log,527
/nfs/share/home/tongliu/script-eval/build/VexiiRiscv_146_100/VexiiRiscv_146_100_build/log/floorplan.log,8600
/nfs/share/home/tongliu/script-eval/build/VexiiRiscv_366_100/VexiiRiscv_366_100_build/log/chipfinish.log,2979
/nfs/share/home/tongliu/script-eval/build/VexiiRiscv_366_100/VexiiRiscv_366_100_build/log/route.log,19980
/nfs/share/home/tongliu/script-eval/build/VexiiRiscv_366_100/VexiiRiscv_366_100_build/log/placement.log,10499
/nfs/share/home/tongliu/script-eval/build/VexiiRiscv_366_100/VexiiRiscv_366_100_build/log/cts.log,31213
/nfs/share/home/tongliu/script-eval/build/VexiiRiscv_366_100/VexiiRiscv_366_100_build/log/read_rtl.log,203
/nfs/share/home/tongliu/script-eval/build/VexiiRiscv_366_100/VexiiRiscv_366_100_build/log/floorplan.log,2679
/nfs/share/home/tongliu/script-eval/build/VexiiRiscv_395_100/VexiiRiscv_395_100_build/log/placement.log,23451
/nfs/share/home/tongliu/script-eval/build/VexiiRiscv_395_100/VexiiRiscv_395_100_build/log/read_rtl.log,62
/nfs/share/home/tongliu/script-eval/build/VexiiRiscv_395_100/VexiiRiscv_395_100_build/log/floorplan.log,4555
/nfs/share/home/tongliu/script-eval/build/VexiiRiscv_74_100/VexiiRiscv_74_100_build/log/chipfinish.log,10956
/nfs/share/home/tongliu/script-eval/build/VexiiRiscv_74_100/VexiiRiscv_74_100_build/log/route.log,64388
/nfs/share/home/tongliu/script-eval/build/VexiiRiscv_74_100/VexiiRiscv_74_100_build/log/placement.log,38206
/nfs/share/home/tongliu/script-eval/build/VexiiRiscv_74_100/VexiiRiscv_74_100_build/log/cts.log,53696
/nfs/share/home/tongliu/script-eval/build/VexiiRiscv_74_100/VexiiRiscv_74_100_build/log/read_rtl.log,82
/nfs/share/home/tongliu/script-eval/build/VexiiRiscv_74_100/VexiiRiscv_74_100_build/log/floorplan.log,6670
/nfs/share/home/tongliu/script-eval/build/VexiiRiscv_299_100/VexiiRiscv_299_100_build/log/route.log,130486
/nfs/share/home/tongliu/script-eval/build/VexiiRiscv_299_100/VexiiRiscv_299_100_build/log/placement.log,78349
/nfs/share/home/tongliu/script-eval/build/VexiiRiscv_299_100/VexiiRiscv_299_100_build/log/cts.log,95596
/nfs/share/home/tongliu/script-eval/build/VexiiRiscv_299_100/VexiiRiscv_299_100_build/log/read_rtl.log,230
/nfs/share/home/tongliu/script-eval/build/VexiiRiscv_299_100/VexiiRiscv_299_100_build/log/floorplan.log,15287
/nfs/share/home/tongliu/script-eval/build/VexiiRiscv_354_100/VexiiRiscv_354_100_build/log/chipfinish.log,487
/nfs/share/home/tongliu/script-eval/build/VexiiRiscv_354_100/VexiiRiscv_354_100_build/log/route.log,2653
/nfs/share/home/tongliu/script-eval/build/VexiiRiscv_354_100/VexiiRiscv_354_100_build/log/placement.log,3112
/nfs/share/home/tongliu/script-eval/build/VexiiRiscv_354_100/VexiiRiscv_354_100_build/log/cts.log,2793
/nfs/share/home/tongliu/script-eval/build/VexiiRiscv_354_100/VexiiRiscv_354_100_build/log/read_rtl.log,20
/nfs/share/home/tongliu/script-eval/build/VexiiRiscv_354_100/VexiiRiscv_354_100_build/log/floorplan.log,660
/nfs/share/home/tongliu/script-eval/build/VexiiRiscv_204_100/VexiiRiscv_204_100_build/log/chipfinish.log,2062
/nfs/share/home/tongliu/script-eval/build/VexiiRiscv_204_100/VexiiRiscv_204_100_build/log/route.log,13255
/nfs/share/home/tongliu/script-eval/build/VexiiRiscv_204_100/VexiiRiscv_204_100_build/log/placement.log,8363
/nfs/share/home/tongliu/script-eval/build/VexiiRiscv_204_100/VexiiRiscv_204_100_build/log/cts.log,9181
/nfs/share/home/tongliu/script-eval/build/VexiiRiscv_204_100/VexiiRiscv_204_100_build/log/read_rtl.log,34
/nfs/share/home/tongliu/script-eval/build/VexiiRiscv_204_100/VexiiRiscv_204_100_build/log/floorplan.log,2054
/nfs/share/home/tongliu/script-eval/build/VexiiRiscv_235_100/VexiiRiscv_235_100_build/log/chipfinish.log,2327
/nfs/share/home/tongliu/script-eval/build/VexiiRiscv_235_100/VexiiRiscv_235_100_build/log/route.log,18830
/nfs/share/home/tongliu/script-eval/build/VexiiRiscv_235_100/VexiiRiscv_235_100_build/log/placement.log,9431
/nfs/share/home/tongliu/script-eval/build/VexiiRiscv_235_100/VexiiRiscv_235_100_build/log/cts.log,27027
/nfs/share/home/tongliu/script-eval/build/VexiiRiscv_235_100/VexiiRiscv_235_100_build/log/read_rtl.log,183
/nfs/share/home/tongliu/script-eval/build/VexiiRiscv_235_100/VexiiRiscv_235_100_build/log/floorplan.log,2503
/nfs/share/home/tongliu/script-eval/build/VexiiRiscv_329_100/VexiiRiscv_329_100_build/log/chipfinish.log,2620
/nfs/share/home/tongliu/script-eval/build/VexiiRiscv_329_100/VexiiRiscv_329_100_build/log/route.log,17577
/nfs/share/home/tongliu/script-eval/build/VexiiRiscv_329_100/VexiiRiscv_329_100_build/log/placement.log,10985
/nfs/share/home/tongliu/script-eval/build/VexiiRiscv_329_100/VexiiRiscv_329_100_build/log/cts.log,10251
/nfs/share/home/tongliu/script-eval/build/VexiiRiscv_329_100/VexiiRiscv_329_100_build/log/read_rtl.log,43
/nfs/share/home/tongliu/script-eval/build/VexiiRiscv_329_100/VexiiRiscv_329_100_build/log/floorplan.log,2390
/nfs/share/home/tongliu/script-eval/build/VexiiRiscv_117_100/VexiiRiscv_117_100_build/log/chipfinish.log,504
/nfs/share/home/tongliu/script-eval/build/VexiiRiscv_117_100/VexiiRiscv_117_100_build/log/route.log,2443
/nfs/share/home/tongliu/script-eval/build/VexiiRiscv_117_100/VexiiRiscv_117_100_build/log/placement.log,3227
/nfs/share/home/tongliu/script-eval/build/VexiiRiscv_117_100/VexiiRiscv_117_100_build/log/cts.log,2630
/nfs/share/home/tongliu/script-eval/build/VexiiRiscv_117_100/VexiiRiscv_117_100_build/log/read_rtl.log,20
/nfs/share/home/tongliu/script-eval/build/VexiiRiscv_117_100/VexiiRiscv_117_100_build/log/floorplan.log,623
/nfs/share/home/tongliu/script-eval/build/VexiiRiscv_294_100/VexiiRiscv_294_100_build/log/placement.log,21165
/nfs/share/home/tongliu/script-eval/build/VexiiRiscv_294_100/VexiiRiscv_294_100_build/log/cts.log,117349
/nfs/share/home/tongliu/script-eval/build/VexiiRiscv_294_100/VexiiRiscv_294_100_build/log/read_rtl.log,228
/nfs/share/home/tongliu/script-eval/build/VexiiRiscv_294_100/VexiiRiscv_294_100_build/log/floorplan.log,4230
/nfs/share/home/tongliu/script-eval/build/VexiiRiscv_141_100/VexiiRiscv_141_100_build/log/chipfinish.log,10443
/nfs/share/home/tongliu/script-eval/build/VexiiRiscv_141_100/VexiiRiscv_141_100_build/log/route.log,486218
/nfs/share/home/tongliu/script-eval/build/VexiiRiscv_141_100/VexiiRiscv_141_100_build/log/placement.log,32036
/nfs/share/home/tongliu/script-eval/build/VexiiRiscv_141_100/VexiiRiscv_141_100_build/log/cts.log,87866
/nfs/share/home/tongliu/script-eval/build/VexiiRiscv_141_100/VexiiRiscv_141_100_build/log/read_rtl.log,110
/nfs/share/home/tongliu/script-eval/build/VexiiRiscv_141_100/VexiiRiscv_141_100_build/log/floorplan.log,6219
/nfs/share/home/tongliu/script-eval/build/VexiiRiscv_201_100/VexiiRiscv_201_100_build/log/chipfinish.log,1700
/nfs/share/home/tongliu/script-eval/build/VexiiRiscv_201_100/VexiiRiscv_201_100_build/log/route.log,11982
/nfs/share/home/tongliu/script-eval/build/VexiiRiscv_201_100/VexiiRiscv_201_100_build/log/placement.log,7293
/nfs/share/home/tongliu/script-eval/build/VexiiRiscv_201_100/VexiiRiscv_201_100_build/log/cts.log,7252
/nfs/share/home/tongliu/script-eval/build/VexiiRiscv_201_100/VexiiRiscv_201_100_build/log/read_rtl.log,38
/nfs/share/home/tongliu/script-eval/build/VexiiRiscv_201_100/VexiiRiscv_201_100_build/log/floorplan.log,1773
/nfs/share/home/tongliu/script-eval/build/VexiiRiscv_222_100/VexiiRiscv_222_100_build/log/chipfinish.log,1683
/nfs/share/home/tongliu/script-eval/build/VexiiRiscv_222_100/VexiiRiscv_222_100_build/log/route.log,12001
/nfs/share/home/tongliu/script-eval/build/VexiiRiscv_222_100/VexiiRiscv_222_100_build/log/placement.log,7494
/nfs/share/home/tongliu/script-eval/build/VexiiRiscv_222_100/VexiiRiscv_222_100_build/log/cts.log,8408
/nfs/share/home/tongliu/script-eval/build/VexiiRiscv_222_100/VexiiRiscv_222_100_build/log/read_rtl.log,97
/nfs/share/home/tongliu/script-eval/build/VexiiRiscv_222_100/VexiiRiscv_222_100_build/log/floorplan.log,1741
/nfs/share/home/tongliu/script-eval/build/VexiiRiscv_326_100/VexiiRiscv_326_100_build/log/chipfinish.log,2427
/nfs/share/home/tongliu/script-eval/build/VexiiRiscv_326_100/VexiiRiscv_326_100_build/log/route.log,14803
/nfs/share/home/tongliu/script-eval/build/VexiiRiscv_326_100/VexiiRiscv_326_100_build/log/placement.log,9267
/nfs/share/home/tongliu/script-eval/build/VexiiRiscv_326_100/VexiiRiscv_326_100_build/log/cts.log,9325
/nfs/share/home/tongliu/script-eval/build/VexiiRiscv_326_100/VexiiRiscv_326_100_build/log/read_rtl.log,33
/nfs/share/home/tongliu/script-eval/build/VexiiRiscv_326_100/VexiiRiscv_326_100_build/log/floorplan.log,2184
/nfs/share/home/tongliu/script-eval/build/VexiiRiscv_0_100/VexiiRiscv_0_100_build/log/chipfinish.log,2879
/nfs/share/home/tongliu/script-eval/build/VexiiRiscv_0_100/VexiiRiscv_0_100_build/log/route.log,19696
/nfs/share/home/tongliu/script-eval/build/VexiiRiscv_0_100/VexiiRiscv_0_100_build/log/placement.log,12073
/nfs/share/home/tongliu/script-eval/build/VexiiRiscv_0_100/VexiiRiscv_0_100_build/log/cts.log,12946
/nfs/share/home/tongliu/script-eval/build/VexiiRiscv_0_100/VexiiRiscv_0_100_build/log/read_rtl.log,129
/nfs/share/home/tongliu/script-eval/build/VexiiRiscv_0_100/VexiiRiscv_0_100_build/log/floorplan.log,2648
/nfs/share/home/tongliu/script-eval/build/VexiiRiscv_344_100/VexiiRiscv_344_100_build/log/chipfinish.log,2549
/nfs/share/home/tongliu/script-eval/build/VexiiRiscv_344_100/VexiiRiscv_344_100_build/log/route.log,18635
/nfs/share/home/tongliu/script-eval/build/VexiiRiscv_344_100/VexiiRiscv_344_100_build/log/placement.log,10699
/nfs/share/home/tongliu/script-eval/build/VexiiRiscv_344_100/VexiiRiscv_344_100_build/log/cts.log,11649
/nfs/share/home/tongliu/script-eval/build/VexiiRiscv_344_100/VexiiRiscv_344_100_build/log/read_rtl.log,34
/nfs/share/home/tongliu/script-eval/build/VexiiRiscv_344_100/VexiiRiscv_344_100_build/log/floorplan.log,2293
/nfs/share/home/tongliu/script-eval/build/VexiiRiscv_256_100/VexiiRiscv_256_100_build/log/chipfinish.log,1458
/nfs/share/home/tongliu/script-eval/build/VexiiRiscv_256_100/VexiiRiscv_256_100_build/log/route.log,10043
/nfs/share/home/tongliu/script-eval/build/VexiiRiscv_256_100/VexiiRiscv_256_100_build/log/placement.log,6426
/nfs/share/home/tongliu/script-eval/build/VexiiRiscv_256_100/VexiiRiscv_256_100_build/log/cts.log,7117
/nfs/share/home/tongliu/script-eval/build/VexiiRiscv_256_100/VexiiRiscv_256_100_build/log/read_rtl.log,27
/nfs/share/home/tongliu/script-eval/build/VexiiRiscv_256_100/VexiiRiscv_256_100_build/log/floorplan.log,1490
/nfs/share/home/tongliu/script-eval/build/VexiiRiscv_341_100/VexiiRiscv_341_100_build/log/chipfinish.log,2610
/nfs/share/home/tongliu/script-eval/build/VexiiRiscv_341_100/VexiiRiscv_341_100_build/log/route.log,16560
/nfs/share/home/tongliu/script-eval/build/VexiiRiscv_341_100/VexiiRiscv_341_100_build/log/placement.log,8899
/nfs/share/home/tongliu/script-eval/build/VexiiRiscv_341_100/VexiiRiscv_341_100_build/log/cts.log,18707
/nfs/share/home/tongliu/script-eval/build/VexiiRiscv_341_100/VexiiRiscv_341_100_build/log/read_rtl.log,202
/nfs/share/home/tongliu/script-eval/build/VexiiRiscv_341_100/VexiiRiscv_341_100_build/log/floorplan.log,2282
/nfs/share/home/tongliu/script-eval/build/VexiiRiscv_55_100/VexiiRiscv_55_100_build/log/chipfinish.log,4787
/nfs/share/home/tongliu/script-eval/build/VexiiRiscv_55_100/VexiiRiscv_55_100_build/log/route.log,28329
/nfs/share/home/tongliu/script-eval/build/VexiiRiscv_55_100/VexiiRiscv_55_100_build/log/placement.log,15436
/nfs/share/home/tongliu/script-eval/build/VexiiRiscv_55_100/VexiiRiscv_55_100_build/log/cts.log,15360
/nfs/share/home/tongliu/script-eval/build/VexiiRiscv_55_100/VexiiRiscv_55_100_build/log/read_rtl.log,64
/nfs/share/home/tongliu/script-eval/build/VexiiRiscv_55_100/VexiiRiscv_55_100_build/log/floorplan.log,3356
/nfs/share/home/tongliu/script-eval/build/VexiiRiscv_15_100/VexiiRiscv_15_100_build/log/chipfinish.log,954
/nfs/share/home/tongliu/script-eval/build/VexiiRiscv_15_100/VexiiRiscv_15_100_build/log/route.log,5684
/nfs/share/home/tongliu/script-eval/build/VexiiRiscv_15_100/VexiiRiscv_15_100_build/log/placement.log,4268
/nfs/share/home/tongliu/script-eval/build/VexiiRiscv_15_100/VexiiRiscv_15_100_build/log/cts.log,4183
/nfs/share/home/tongliu/script-eval/build/VexiiRiscv_15_100/VexiiRiscv_15_100_build/log/read_rtl.log,27
/nfs/share/home/tongliu/script-eval/build/VexiiRiscv_15_100/VexiiRiscv_15_100_build/log/floorplan.log,940
/nfs/share/home/tongliu/script-eval/build/VexiiRiscv_239_100/VexiiRiscv_239_100_build/log/chipfinish.log,2807
/nfs/share/home/tongliu/script-eval/build/VexiiRiscv_239_100/VexiiRiscv_239_100_build/log/route.log,25082
/nfs/share/home/tongliu/script-eval/build/VexiiRiscv_239_100/VexiiRiscv_239_100_build/log/placement.log,10420
/nfs/share/home/tongliu/script-eval/build/VexiiRiscv_239_100/VexiiRiscv_239_100_build/log/cts.log,22890
/nfs/share/home/tongliu/script-eval/build/VexiiRiscv_239_100/VexiiRiscv_239_100_build/log/read_rtl.log,209
/nfs/share/home/tongliu/script-eval/build/VexiiRiscv_239_100/VexiiRiscv_239_100_build/log/floorplan.log,2555
/nfs/share/home/tongliu/script-eval/build/VexiiRiscv_17_100/VexiiRiscv_17_100_build/log/chipfinish.log,3650
/nfs/share/home/tongliu/script-eval/build/VexiiRiscv_17_100/VexiiRiscv_17_100_build/log/route.log,27159
/nfs/share/home/tongliu/script-eval/build/VexiiRiscv_17_100/VexiiRiscv_17_100_build/log/placement.log,13033
/nfs/share/home/tongliu/script-eval/build/VexiiRiscv_17_100/VexiiRiscv_17_100_build/log/cts.log,14436
/nfs/share/home/tongliu/script-eval/build/VexiiRiscv_17_100/VexiiRiscv_17_100_build/log/read_rtl.log,130
/nfs/share/home/tongliu/script-eval/build/VexiiRiscv_17_100/VexiiRiscv_17_100_build/log/floorplan.log,3183
/nfs/share/home/tongliu/script-eval/build/VexiiRiscv_358_100/VexiiRiscv_358_100_build/log/chipfinish.log,1853
/nfs/share/home/tongliu/script-eval/build/VexiiRiscv_358_100/VexiiRiscv_358_100_build/log/route.log,12023
/nfs/share/home/tongliu/script-eval/build/VexiiRiscv_358_100/VexiiRiscv_358_100_build/log/placement.log,7694
/nfs/share/home/tongliu/script-eval/build/VexiiRiscv_358_100/VexiiRiscv_358_100_build/log/cts.log,8379
/nfs/share/home/tongliu/script-eval/build/VexiiRiscv_358_100/VexiiRiscv_358_100_build/log/read_rtl.log,101
/nfs/share/home/tongliu/script-eval/build/VexiiRiscv_358_100/VexiiRiscv_358_100_build/log/floorplan.log,1920
/nfs/share/home/tongliu/script-eval/build/VexiiRiscv_187_100/VexiiRiscv_187_100_build/log/chipfinish.log,1541
/nfs/share/home/tongliu/script-eval/build/VexiiRiscv_187_100/VexiiRiscv_187_100_build/log/route.log,10085
/nfs/share/home/tongliu/script-eval/build/VexiiRiscv_187_100/VexiiRiscv_187_100_build/log/placement.log,6934
/nfs/share/home/tongliu/script-eval/build/VexiiRiscv_187_100/VexiiRiscv_187_100_build/log/cts.log,7910
/nfs/share/home/tongliu/script-eval/build/VexiiRiscv_187_100/VexiiRiscv_187_100_build/log/read_rtl.log,97
/nfs/share/home/tongliu/script-eval/build/VexiiRiscv_187_100/VexiiRiscv_187_100_build/log/floorplan.log,1683
/nfs/share/home/tongliu/script-eval/build/VexiiRiscv_183_100/VexiiRiscv_183_100_build/log/chipfinish.log,1516
/nfs/share/home/tongliu/script-eval/build/VexiiRiscv_183_100/VexiiRiscv_183_100_build/log/route.log,9632
/nfs/share/home/tongliu/script-eval/build/VexiiRiscv_183_100/VexiiRiscv_183_100_build/log/placement.log,6581
/nfs/share/home/tongliu/script-eval/build/VexiiRiscv_183_100/VexiiRiscv_183_100_build/log/cts.log,6714
/nfs/share/home/tongliu/script-eval/build/VexiiRiscv_183_100/VexiiRiscv_183_100_build/log/read_rtl.log,27
/nfs/share/home/tongliu/script-eval/build/VexiiRiscv_183_100/VexiiRiscv_183_100_build/log/floorplan.log,1428
/nfs/share/home/tongliu/script-eval/build/VexiiRiscv_236_100/VexiiRiscv_236_100_build/log/chipfinish.log,1251
/nfs/share/home/tongliu/script-eval/build/VexiiRiscv_236_100/VexiiRiscv_236_100_build/log/route.log,7951
/nfs/share/home/tongliu/script-eval/build/VexiiRiscv_236_100/VexiiRiscv_236_100_build/log/placement.log,5431
/nfs/share/home/tongliu/script-eval/build/VexiiRiscv_236_100/VexiiRiscv_236_100_build/log/cts.log,6111
/nfs/share/home/tongliu/script-eval/build/VexiiRiscv_236_100/VexiiRiscv_236_100_build/log/read_rtl.log,33
/nfs/share/home/tongliu/script-eval/build/VexiiRiscv_236_100/VexiiRiscv_236_100_build/log/floorplan.log,1505
/nfs/share/home/tongliu/script-eval/build/VexiiRiscv_68_100/VexiiRiscv_68_100_build/log/chipfinish.log,4272
/nfs/share/home/tongliu/script-eval/build/VexiiRiscv_68_100/VexiiRiscv_68_100_build/log/route.log,32542
/nfs/share/home/tongliu/script-eval/build/VexiiRiscv_68_100/VexiiRiscv_68_100_build/log/placement.log,14913
/nfs/share/home/tongliu/script-eval/build/VexiiRiscv_68_100/VexiiRiscv_68_100_build/log/cts.log,19813
/nfs/share/home/tongliu/script-eval/build/VexiiRiscv_68_100/VexiiRiscv_68_100_build/log/read_rtl.log,77
/nfs/share/home/tongliu/script-eval/build/VexiiRiscv_68_100/VexiiRiscv_68_100_build/log/floorplan.log,3296
/nfs/share/home/tongliu/script-eval/build/VexiiRiscv_26_100/VexiiRiscv_26_100_build/log/chipfinish.log,2968
/nfs/share/home/tongliu/script-eval/build/VexiiRiscv_26_100/VexiiRiscv_26_100_build/log/route.log,19388
/nfs/share/home/tongliu/script-eval/build/VexiiRiscv_26_100/VexiiRiscv_26_100_build/log/placement.log,13024
/nfs/share/home/tongliu/script-eval/build/VexiiRiscv_26_100/VexiiRiscv_26_100_build/log/cts.log,12703
/nfs/share/home/tongliu/script-eval/build/VexiiRiscv_26_100/VexiiRiscv_26_100_build/log/read_rtl.log,417
/nfs/share/home/tongliu/script-eval/build/VexiiRiscv_26_100/VexiiRiscv_26_100_build/log/floorplan.log,3657
/nfs/share/home/tongliu/script-eval/build/VexiiRiscv_212_100/VexiiRiscv_212_100_build/log/chipfinish.log,2254
/nfs/share/home/tongliu/script-eval/build/VexiiRiscv_212_100/VexiiRiscv_212_100_build/log/route.log,15167
/nfs/share/home/tongliu/script-eval/build/VexiiRiscv_212_100/VexiiRiscv_212_100_build/log/placement.log,8937
/nfs/share/home/tongliu/script-eval/build/VexiiRiscv_212_100/VexiiRiscv_212_100_build/log/cts.log,9496
/nfs/share/home/tongliu/script-eval/build/VexiiRiscv_212_100/VexiiRiscv_212_100_build/log/read_rtl.log,112
/nfs/share/home/tongliu/script-eval/build/VexiiRiscv_212_100/VexiiRiscv_212_100_build/log/floorplan.log,2159
/nfs/share/home/tongliu/script-eval/build/VexiiRiscv_159_100/VexiiRiscv_159_100_build/log/chipfinish.log,2615
/nfs/share/home/tongliu/script-eval/build/VexiiRiscv_159_100/VexiiRiscv_159_100_build/log/route.log,16031
/nfs/share/home/tongliu/script-eval/build/VexiiRiscv_159_100/VexiiRiscv_159_100_build/log/placement.log,9342
/nfs/share/home/tongliu/script-eval/build/VexiiRiscv_159_100/VexiiRiscv_159_100_build/log/cts.log,9967
/nfs/share/home/tongliu/script-eval/build/VexiiRiscv_159_100/VexiiRiscv_159_100_build/log/read_rtl.log,43
/nfs/share/home/tongliu/script-eval/build/VexiiRiscv_159_100/VexiiRiscv_159_100_build/log/floorplan.log,2445
/nfs/share/home/tongliu/script-eval/build/VexiiRiscv_45_100/VexiiRiscv_45_100_build/log/chipfinish.log,2339
/nfs/share/home/tongliu/script-eval/build/VexiiRiscv_45_100/VexiiRiscv_45_100_build/log/route.log,13998
/nfs/share/home/tongliu/script-eval/build/VexiiRiscv_45_100/VexiiRiscv_45_100_build/log/placement.log,8578
/nfs/share/home/tongliu/script-eval/build/VexiiRiscv_45_100/VexiiRiscv_45_100_build/log/cts.log,9473
/nfs/share/home/tongliu/script-eval/build/VexiiRiscv_45_100/VexiiRiscv_45_100_build/log/read_rtl.log,110
/nfs/share/home/tongliu/script-eval/build/VexiiRiscv_45_100/VexiiRiscv_45_100_build/log/floorplan.log,2060
/nfs/share/home/tongliu/script-eval/build/VexiiRiscv_237_100/VexiiRiscv_237_100_build/log/chipfinish.log,1637
/nfs/share/home/tongliu/script-eval/build/VexiiRiscv_237_100/VexiiRiscv_237_100_build/log/route.log,10125
/nfs/share/home/tongliu/script-eval/build/VexiiRiscv_237_100/VexiiRiscv_237_100_build/log/placement.log,6692
/nfs/share/home/tongliu/script-eval/build/VexiiRiscv_237_100/VexiiRiscv_237_100_build/log/cts.log,7148
/nfs/share/home/tongliu/script-eval/build/VexiiRiscv_237_100/VexiiRiscv_237_100_build/log/read_rtl.log,107
/nfs/share/home/tongliu/script-eval/build/VexiiRiscv_237_100/VexiiRiscv_237_100_build/log/floorplan.log,1651
/nfs/share/home/tongliu/script-eval/build/VexiiRiscv_307_100/VexiiRiscv_307_100_build/log/chipfinish.log,2804
/nfs/share/home/tongliu/script-eval/build/VexiiRiscv_307_100/VexiiRiscv_307_100_build/log/route.log,18635
/nfs/share/home/tongliu/script-eval/build/VexiiRiscv_307_100/VexiiRiscv_307_100_build/log/placement.log,10535
/nfs/share/home/tongliu/script-eval/build/VexiiRiscv_307_100/VexiiRiscv_307_100_build/log/cts.log,12981
/nfs/share/home/tongliu/script-eval/build/VexiiRiscv_307_100/VexiiRiscv_307_100_build/log/read_rtl.log,43
/nfs/share/home/tongliu/script-eval/build/VexiiRiscv_307_100/VexiiRiscv_307_100_build/log/floorplan.log,2574
/nfs/share/home/tongliu/script-eval/build/VexiiRiscv_63_100/VexiiRiscv_63_100_build/log/chipfinish.log,596
/nfs/share/home/tongliu/script-eval/build/VexiiRiscv_63_100/VexiiRiscv_63_100_build/log/route.log,3306
/nfs/share/home/tongliu/script-eval/build/VexiiRiscv_63_100/VexiiRiscv_63_100_build/log/placement.log,3217
/nfs/share/home/tongliu/script-eval/build/VexiiRiscv_63_100/VexiiRiscv_63_100_build/log/cts.log,3135
/nfs/share/home/tongliu/script-eval/build/VexiiRiscv_63_100/VexiiRiscv_63_100_build/log/read_rtl.log,24
/nfs/share/home/tongliu/script-eval/build/VexiiRiscv_63_100/VexiiRiscv_63_100_build/log/floorplan.log,747
/nfs/share/home/tongliu/script-eval/build/VexiiRiscv_116_100/VexiiRiscv_116_100_build/log/chipfinish.log,2583
/nfs/share/home/tongliu/script-eval/build/VexiiRiscv_116_100/VexiiRiscv_116_100_build/log/route.log,19854
/nfs/share/home/tongliu/script-eval/build/VexiiRiscv_116_100/VexiiRiscv_116_100_build/log/placement.log,10459
/nfs/share/home/tongliu/script-eval/build/VexiiRiscv_116_100/VexiiRiscv_116_100_build/log/cts.log,28752
/nfs/share/home/tongliu/script-eval/build/VexiiRiscv_116_100/VexiiRiscv_116_100_build/log/read_rtl.log,190
/nfs/share/home/tongliu/script-eval/build/VexiiRiscv_116_100/VexiiRiscv_116_100_build/log/floorplan.log,2311
/nfs/share/home/tongliu/script-eval/build/VexiiRiscv_98_100/VexiiRiscv_98_100_build/log/chipfinish.log,17165
/nfs/share/home/tongliu/script-eval/build/VexiiRiscv_98_100/VexiiRiscv_98_100_build/log/route.log,113129
/nfs/share/home/tongliu/script-eval/build/VexiiRiscv_98_100/VexiiRiscv_98_100_build/log/placement.log,60832
/nfs/share/home/tongliu/script-eval/build/VexiiRiscv_98_100/VexiiRiscv_98_100_build/log/cts.log,61659
/nfs/share/home/tongliu/script-eval/build/VexiiRiscv_98_100/VexiiRiscv_98_100_build/log/read_rtl.log,579
/nfs/share/home/tongliu/script-eval/build/VexiiRiscv_98_100/VexiiRiscv_98_100_build/log/floorplan.log,13308
/nfs/share/home/tongliu/script-eval/build/VexiiRiscv_267_100/VexiiRiscv_267_100_build/log/chipfinish.log,2000
/nfs/share/home/tongliu/script-eval/build/VexiiRiscv_267_100/VexiiRiscv_267_100_build/log/route.log,13010
/nfs/share/home/tongliu/script-eval/build/VexiiRiscv_267_100/VexiiRiscv_267_100_build/log/placement.log,8471
/nfs/share/home/tongliu/script-eval/build/VexiiRiscv_267_100/VexiiRiscv_267_100_build/log/cts.log,8304
/nfs/share/home/tongliu/script-eval/build/VexiiRiscv_267_100/VexiiRiscv_267_100_build/log/read_rtl.log,30
/nfs/share/home/tongliu/script-eval/build/VexiiRiscv_267_100/VexiiRiscv_267_100_build/log/floorplan.log,1914
/nfs/share/home/tongliu/script-eval/build/VexiiRiscv_257_100/VexiiRiscv_257_100_build/log/chipfinish.log,2083
/nfs/share/home/tongliu/script-eval/build/VexiiRiscv_257_100/VexiiRiscv_257_100_build/log/route.log,13359
/nfs/share/home/tongliu/script-eval/build/VexiiRiscv_257_100/VexiiRiscv_257_100_build/log/placement.log,8260
/nfs/share/home/tongliu/script-eval/build/VexiiRiscv_257_100/VexiiRiscv_257_100_build/log/cts.log,9498
/nfs/share/home/tongliu/script-eval/build/VexiiRiscv_257_100/VexiiRiscv_257_100_build/log/read_rtl.log,35
/nfs/share/home/tongliu/script-eval/build/VexiiRiscv_257_100/VexiiRiscv_257_100_build/log/floorplan.log,1926
/nfs/share/home/tongliu/script-eval/build/VexiiRiscv_310_100/VexiiRiscv_310_100_build/log/placement.log,18774
/nfs/share/home/tongliu/script-eval/build/VexiiRiscv_310_100/VexiiRiscv_310_100_build/log/cts.log,106080
/nfs/share/home/tongliu/script-eval/build/VexiiRiscv_310_100/VexiiRiscv_310_100_build/log/read_rtl.log,84
/nfs/share/home/tongliu/script-eval/build/VexiiRiscv_310_100/VexiiRiscv_310_100_build/log/floorplan.log,3766
/nfs/share/home/tongliu/script-eval/build/VexiiRiscv_200_100/VexiiRiscv_200_100_build/log/chipfinish.log,1109
/nfs/share/home/tongliu/script-eval/build/VexiiRiscv_200_100/VexiiRiscv_200_100_build/log/route.log,7631
/nfs/share/home/tongliu/script-eval/build/VexiiRiscv_200_100/VexiiRiscv_200_100_build/log/placement.log,5479
/nfs/share/home/tongliu/script-eval/build/VexiiRiscv_200_100/VexiiRiscv_200_100_build/log/cts.log,5995
/nfs/share/home/tongliu/script-eval/build/VexiiRiscv_200_100/VexiiRiscv_200_100_build/log/read_rtl.log,25
/nfs/share/home/tongliu/script-eval/build/VexiiRiscv_200_100/VexiiRiscv_200_100_build/log/floorplan.log,1181
/nfs/share/home/tongliu/script-eval/build/VexiiRiscv_260_100/VexiiRiscv_260_100_build/log/chipfinish.log,1376
/nfs/share/home/tongliu/script-eval/build/VexiiRiscv_260_100/VexiiRiscv_260_100_build/log/route.log,8510
/nfs/share/home/tongliu/script-eval/build/VexiiRiscv_260_100/VexiiRiscv_260_100_build/log/placement.log,6261
/nfs/share/home/tongliu/script-eval/build/VexiiRiscv_260_100/VexiiRiscv_260_100_build/log/cts.log,5685
/nfs/share/home/tongliu/script-eval/build/VexiiRiscv_260_100/VexiiRiscv_260_100_build/log/read_rtl.log,26
/nfs/share/home/tongliu/script-eval/build/VexiiRiscv_260_100/VexiiRiscv_260_100_build/log/floorplan.log,1490
/nfs/share/home/tongliu/script-eval/build/VexiiRiscv_360_100/VexiiRiscv_360_100_build/log/chipfinish.log,3172
/nfs/share/home/tongliu/script-eval/build/VexiiRiscv_360_100/VexiiRiscv_360_100_build/log/route.log,19187
/nfs/share/home/tongliu/script-eval/build/VexiiRiscv_360_100/VexiiRiscv_360_100_build/log/placement.log,10895
/nfs/share/home/tongliu/script-eval/build/VexiiRiscv_360_100/VexiiRiscv_360_100_build/log/cts.log,12187
/nfs/share/home/tongliu/script-eval/build/VexiiRiscv_360_100/VexiiRiscv_360_100_build/log/read_rtl.log,44
/nfs/share/home/tongliu/script-eval/build/VexiiRiscv_360_100/VexiiRiscv_360_100_build/log/floorplan.log,2575
/nfs/share/home/tongliu/script-eval/build/VexiiRiscv_151_100/VexiiRiscv_151_100_build/log/chipfinish.log,3113
/nfs/share/home/tongliu/script-eval/build/VexiiRiscv_151_100/VexiiRiscv_151_100_build/log/route.log,21926
/nfs/share/home/tongliu/script-eval/build/VexiiRiscv_151_100/VexiiRiscv_151_100_build/log/placement.log,12007
/nfs/share/home/tongliu/script-eval/build/VexiiRiscv_151_100/VexiiRiscv_151_100_build/log/cts.log,34142
/nfs/share/home/tongliu/script-eval/build/VexiiRiscv_151_100/VexiiRiscv_151_100_build/log/read_rtl.log,233
/nfs/share/home/tongliu/script-eval/build/VexiiRiscv_151_100/VexiiRiscv_151_100_build/log/floorplan.log,2708
/nfs/share/home/tongliu/script-eval/build/VexiiRiscv_251_100/VexiiRiscv_251_100_build/log/chipfinish.log,2339
/nfs/share/home/tongliu/script-eval/build/VexiiRiscv_251_100/VexiiRiscv_251_100_build/log/route.log,14901
/nfs/share/home/tongliu/script-eval/build/VexiiRiscv_251_100/VexiiRiscv_251_100_build/log/placement.log,9878
/nfs/share/home/tongliu/script-eval/build/VexiiRiscv_251_100/VexiiRiscv_251_100_build/log/cts.log,9429
/nfs/share/home/tongliu/script-eval/build/VexiiRiscv_251_100/VexiiRiscv_251_100_build/log/read_rtl.log,441
/nfs/share/home/tongliu/script-eval/build/VexiiRiscv_251_100/VexiiRiscv_251_100_build/log/floorplan.log,3696
/nfs/share/home/tongliu/script-eval/build/VexiiRiscv_65_100/VexiiRiscv_65_100_build/log/chipfinish.log,3017
/nfs/share/home/tongliu/script-eval/build/VexiiRiscv_65_100/VexiiRiscv_65_100_build/log/route.log,29072
/nfs/share/home/tongliu/script-eval/build/VexiiRiscv_65_100/VexiiRiscv_65_100_build/log/placement.log,13050
/nfs/share/home/tongliu/script-eval/build/VexiiRiscv_65_100/VexiiRiscv_65_100_build/log/cts.log,17265
/nfs/share/home/tongliu/script-eval/build/VexiiRiscv_65_100/VexiiRiscv_65_100_build/log/read_rtl.log,416
/nfs/share/home/tongliu/script-eval/build/VexiiRiscv_65_100/VexiiRiscv_65_100_build/log/floorplan.log,3902
/nfs/share/home/tongliu/script-eval/build/VexiiRiscv_92_100/VexiiRiscv_92_100_build/log/chipfinish.log,1064
/nfs/share/home/tongliu/script-eval/build/VexiiRiscv_92_100/VexiiRiscv_92_100_build/log/route.log,6533
/nfs/share/home/tongliu/script-eval/build/VexiiRiscv_92_100/VexiiRiscv_92_100_build/log/placement.log,5202
/nfs/share/home/tongliu/script-eval/build/VexiiRiscv_92_100/VexiiRiscv_92_100_build/log/cts.log,5381
/nfs/share/home/tongliu/script-eval/build/VexiiRiscv_92_100/VexiiRiscv_92_100_build/log/read_rtl.log,27
/nfs/share/home/tongliu/script-eval/build/VexiiRiscv_92_100/VexiiRiscv_92_100_build/log/floorplan.log,1133
/nfs/share/home/tongliu/script-eval/build/VexiiRiscv_84_100/VexiiRiscv_84_100_build/log/chipfinish.log,2093
/nfs/share/home/tongliu/script-eval/build/VexiiRiscv_84_100/VexiiRiscv_84_100_build/log/route.log,13184
/nfs/share/home/tongliu/script-eval/build/VexiiRiscv_84_100/VexiiRiscv_84_100_build/log/placement.log,8387
/nfs/share/home/tongliu/script-eval/build/VexiiRiscv_84_100/VexiiRiscv_84_100_build/log/cts.log,8815
/nfs/share/home/tongliu/script-eval/build/VexiiRiscv_84_100/VexiiRiscv_84_100_build/log/read_rtl.log,65
/nfs/share/home/tongliu/script-eval/build/VexiiRiscv_84_100/VexiiRiscv_84_100_build/log/floorplan.log,1827
/nfs/share/home/tongliu/script-eval/build/VexiiRiscv_96_100/VexiiRiscv_96_100_build/log/chipfinish.log,779
/nfs/share/home/tongliu/script-eval/build/VexiiRiscv_96_100/VexiiRiscv_96_100_build/log/route.log,4456
/nfs/share/home/tongliu/script-eval/build/VexiiRiscv_96_100/VexiiRiscv_96_100_build/log/placement.log,4485
/nfs/share/home/tongliu/script-eval/build/VexiiRiscv_96_100/VexiiRiscv_96_100_build/log/cts.log,3615
/nfs/share/home/tongliu/script-eval/build/VexiiRiscv_96_100/VexiiRiscv_96_100_build/log/read_rtl.log,26
/nfs/share/home/tongliu/script-eval/build/VexiiRiscv_96_100/VexiiRiscv_96_100_build/log/floorplan.log,873
/nfs/share/home/tongliu/script-eval/build/VexiiRiscv_103_100/VexiiRiscv_103_100_build/log/chipfinish.log,10642
/nfs/share/home/tongliu/script-eval/build/VexiiRiscv_103_100/VexiiRiscv_103_100_build/log/route.log,65743
/nfs/share/home/tongliu/script-eval/build/VexiiRiscv_103_100/VexiiRiscv_103_100_build/log/placement.log,39078
/nfs/share/home/tongliu/script-eval/build/VexiiRiscv_103_100/VexiiRiscv_103_100_build/log/cts.log,40394
/nfs/share/home/tongliu/script-eval/build/VexiiRiscv_103_100/VexiiRiscv_103_100_build/log/read_rtl.log,174
/nfs/share/home/tongliu/script-eval/build/VexiiRiscv_103_100/VexiiRiscv_103_100_build/log/floorplan.log,8347
/nfs/share/home/tongliu/script-eval/build/VexiiRiscv_176_100/VexiiRiscv_176_100_build/log/chipfinish.log,2675
/nfs/share/home/tongliu/script-eval/build/VexiiRiscv_176_100/VexiiRiscv_176_100_build/log/route.log,17241
/nfs/share/home/tongliu/script-eval/build/VexiiRiscv_176_100/VexiiRiscv_176_100_build/log/placement.log,12238
/nfs/share/home/tongliu/script-eval/build/VexiiRiscv_176_100/VexiiRiscv_176_100_build/log/cts.log,11780
/nfs/share/home/tongliu/script-eval/build/VexiiRiscv_176_100/VexiiRiscv_176_100_build/log/read_rtl.log,42
/nfs/share/home/tongliu/script-eval/build/VexiiRiscv_176_100/VexiiRiscv_176_100_build/log/floorplan.log,2552
/nfs/share/home/tongliu/script-eval/build/VexiiRiscv_33_100/VexiiRiscv_33_100_build/log/chipfinish.log,1096
/nfs/share/home/tongliu/script-eval/build/VexiiRiscv_33_100/VexiiRiscv_33_100_build/log/route.log,6948
/nfs/share/home/tongliu/script-eval/build/VexiiRiscv_33_100/VexiiRiscv_33_100_build/log/placement.log,5840
/nfs/share/home/tongliu/script-eval/build/VexiiRiscv_33_100/VexiiRiscv_33_100_build/log/cts.log,5465
/nfs/share/home/tongliu/script-eval/build/VexiiRiscv_33_100/VexiiRiscv_33_100_build/log/read_rtl.log,30
/nfs/share/home/tongliu/script-eval/build/VexiiRiscv_33_100/VexiiRiscv_33_100_build/log/floorplan.log,1332
/nfs/share/home/tongliu/script-eval/build/VexiiRiscv_47_100/VexiiRiscv_47_100_build/log/chipfinish.log,2076
/nfs/share/home/tongliu/script-eval/build/VexiiRiscv_47_100/VexiiRiscv_47_100_build/log/route.log,13004
/nfs/share/home/tongliu/script-eval/build/VexiiRiscv_47_100/VexiiRiscv_47_100_build/log/placement.log,8503
/nfs/share/home/tongliu/script-eval/build/VexiiRiscv_47_100/VexiiRiscv_47_100_build/log/cts.log,8470
/nfs/share/home/tongliu/script-eval/build/VexiiRiscv_47_100/VexiiRiscv_47_100_build/log/read_rtl.log,114
/nfs/share/home/tongliu/script-eval/build/VexiiRiscv_47_100/VexiiRiscv_47_100_build/log/floorplan.log,2049
/nfs/share/home/tongliu/script-eval/build/VexiiRiscv_391_100/VexiiRiscv_391_100_build/log/placement.log,40522
/nfs/share/home/tongliu/script-eval/build/VexiiRiscv_391_100/VexiiRiscv_391_100_build/log/read_rtl.log,433
/nfs/share/home/tongliu/script-eval/build/VexiiRiscv_391_100/VexiiRiscv_391_100_build/log/floorplan.log,8996
/nfs/share/home/tongliu/script-eval/build/VexiiRiscv_244_100/VexiiRiscv_244_100_build/log/chipfinish.log,1747
/nfs/share/home/tongliu/script-eval/build/VexiiRiscv_244_100/VexiiRiscv_244_100_build/log/route.log,11638
/nfs/share/home/tongliu/script-eval/build/VexiiRiscv_244_100/VexiiRiscv_244_100_build/log/placement.log,7884
/nfs/share/home/tongliu/script-eval/build/VexiiRiscv_244_100/VexiiRiscv_244_100_build/log/cts.log,81321
/nfs/share/home/tongliu/script-eval/build/VexiiRiscv_244_100/VexiiRiscv_244_100_build/log/read_rtl.log,178
/nfs/share/home/tongliu/script-eval/build/VexiiRiscv_244_100/VexiiRiscv_244_100_build/log/floorplan.log,2026
/nfs/share/home/tongliu/script-eval/build/VexiiRiscv_313_100/VexiiRiscv_313_100_build/log/chipfinish.log,446
/nfs/share/home/tongliu/script-eval/build/VexiiRiscv_313_100/VexiiRiscv_313_100_build/log/route.log,2672
/nfs/share/home/tongliu/script-eval/build/VexiiRiscv_313_100/VexiiRiscv_313_100_build/log/placement.log,2769
/nfs/share/home/tongliu/script-eval/build/VexiiRiscv_313_100/VexiiRiscv_313_100_build/log/cts.log,2454
/nfs/share/home/tongliu/script-eval/build/VexiiRiscv_313_100/VexiiRiscv_313_100_build/log/read_rtl.log,22
/nfs/share/home/tongliu/script-eval/build/VexiiRiscv_313_100/VexiiRiscv_313_100_build/log/floorplan.log,663
/nfs/share/home/tongliu/script-eval/build/VexiiRiscv_173_100/VexiiRiscv_173_100_build/log/chipfinish.log,2516
/nfs/share/home/tongliu/script-eval/build/VexiiRiscv_173_100/VexiiRiscv_173_100_build/log/route.log,17065
/nfs/share/home/tongliu/script-eval/build/VexiiRiscv_173_100/VexiiRiscv_173_100_build/log/placement.log,11501
/nfs/share/home/tongliu/script-eval/build/VexiiRiscv_173_100/VexiiRiscv_173_100_build/log/cts.log,11533
/nfs/share/home/tongliu/script-eval/build/VexiiRiscv_173_100/VexiiRiscv_173_100_build/log/read_rtl.log,121
/nfs/share/home/tongliu/script-eval/build/VexiiRiscv_173_100/VexiiRiscv_173_100_build/log/floorplan.log,2787
/nfs/share/home/tongliu/script-eval/build/VexiiRiscv_194_100/VexiiRiscv_194_100_build/log/chipfinish.log,2029
/nfs/share/home/tongliu/script-eval/build/VexiiRiscv_194_100/VexiiRiscv_194_100_build/log/route.log,13848
/nfs/share/home/tongliu/script-eval/build/VexiiRiscv_194_100/VexiiRiscv_194_100_build/log/placement.log,7277
/nfs/share/home/tongliu/script-eval/build/VexiiRiscv_194_100/VexiiRiscv_194_100_build/log/cts.log,53309
/nfs/share/home/tongliu/script-eval/build/VexiiRiscv_194_100/VexiiRiscv_194_100_build/log/read_rtl.log,196
/nfs/share/home/tongliu/script-eval/build/VexiiRiscv_194_100/VexiiRiscv_194_100_build/log/floorplan.log,1756
/nfs/share/home/tongliu/script-eval/build/VexiiRiscv_365_100/VexiiRiscv_365_100_build/log/chipfinish.log,2071
/nfs/share/home/tongliu/script-eval/build/VexiiRiscv_365_100/VexiiRiscv_365_100_build/log/route.log,12753
/nfs/share/home/tongliu/script-eval/build/VexiiRiscv_365_100/VexiiRiscv_365_100_build/log/placement.log,9212
/nfs/share/home/tongliu/script-eval/build/VexiiRiscv_365_100/VexiiRiscv_365_100_build/log/cts.log,9402
/nfs/share/home/tongliu/script-eval/build/VexiiRiscv_365_100/VexiiRiscv_365_100_build/log/read_rtl.log,68
/nfs/share/home/tongliu/script-eval/build/VexiiRiscv_365_100/VexiiRiscv_365_100_build/log/floorplan.log,2227
/nfs/share/home/tongliu/script-eval/build/VexiiRiscv_335_100/VexiiRiscv_335_100_build/log/chipfinish.log,2333
/nfs/share/home/tongliu/script-eval/build/VexiiRiscv_335_100/VexiiRiscv_335_100_build/log/route.log,23595
/nfs/share/home/tongliu/script-eval/build/VexiiRiscv_335_100/VexiiRiscv_335_100_build/log/placement.log,9417
/nfs/share/home/tongliu/script-eval/build/VexiiRiscv_335_100/VexiiRiscv_335_100_build/log/cts.log,13856
/nfs/share/home/tongliu/script-eval/build/VexiiRiscv_335_100/VexiiRiscv_335_100_build/log/read_rtl.log,40
/nfs/share/home/tongliu/script-eval/build/VexiiRiscv_335_100/VexiiRiscv_335_100_build/log/floorplan.log,2119
/nfs/share/home/tongliu/script-eval/build/VexiiRiscv_94_100/VexiiRiscv_94_100_build/log/chipfinish.log,4552
/nfs/share/home/tongliu/script-eval/build/VexiiRiscv_94_100/VexiiRiscv_94_100_build/log/route.log,29142
/nfs/share/home/tongliu/script-eval/build/VexiiRiscv_94_100/VexiiRiscv_94_100_build/log/placement.log,15117
/nfs/share/home/tongliu/script-eval/build/VexiiRiscv_94_100/VexiiRiscv_94_100_build/log/cts.log,17305
/nfs/share/home/tongliu/script-eval/build/VexiiRiscv_94_100/VexiiRiscv_94_100_build/log/read_rtl.log,49
/nfs/share/home/tongliu/script-eval/build/VexiiRiscv_94_100/VexiiRiscv_94_100_build/log/floorplan.log,3373
/nfs/share/home/tongliu/script-eval/build/VexiiRiscv_266_100/VexiiRiscv_266_100_build/log/chipfinish.log,1479
/nfs/share/home/tongliu/script-eval/build/VexiiRiscv_266_100/VexiiRiscv_266_100_build/log/route.log,10046
/nfs/share/home/tongliu/script-eval/build/VexiiRiscv_266_100/VexiiRiscv_266_100_build/log/placement.log,6824
/nfs/share/home/tongliu/script-eval/build/VexiiRiscv_266_100/VexiiRiscv_266_100_build/log/cts.log,7571
/nfs/share/home/tongliu/script-eval/build/VexiiRiscv_266_100/VexiiRiscv_266_100_build/log/read_rtl.log,95
/nfs/share/home/tongliu/script-eval/build/VexiiRiscv_266_100/VexiiRiscv_266_100_build/log/floorplan.log,1849
/nfs/share/home/tongliu/script-eval/build/VexiiRiscv_331_100/VexiiRiscv_331_100_build/log/chipfinish.log,1041
/nfs/share/home/tongliu/script-eval/build/VexiiRiscv_331_100/VexiiRiscv_331_100_build/log/route.log,6623
/nfs/share/home/tongliu/script-eval/build/VexiiRiscv_331_100/VexiiRiscv_331_100_build/log/placement.log,5117
/nfs/share/home/tongliu/script-eval/build/VexiiRiscv_331_100/VexiiRiscv_331_100_build/log/cts.log,4937
/nfs/share/home/tongliu/script-eval/build/VexiiRiscv_331_100/VexiiRiscv_331_100_build/log/read_rtl.log,24
/nfs/share/home/tongliu/script-eval/build/VexiiRiscv_331_100/VexiiRiscv_331_100_build/log/floorplan.log,1126
/nfs/share/home/tongliu/script-eval/build/VexiiRiscv_138_100/VexiiRiscv_138_100_build/log/chipfinish.log,6690
/nfs/share/home/tongliu/script-eval/build/VexiiRiscv_138_100/VexiiRiscv_138_100_build/log/route.log,542954
/nfs/share/home/tongliu/script-eval/build/VexiiRiscv_138_100/VexiiRiscv_138_100_build/log/placement.log,21965
/nfs/share/home/tongliu/script-eval/build/VexiiRiscv_138_100/VexiiRiscv_138_100_build/log/cts.log,100137
/nfs/share/home/tongliu/script-eval/build/VexiiRiscv_138_100/VexiiRiscv_138_100_build/log/read_rtl.log,179
/nfs/share/home/tongliu/script-eval/build/VexiiRiscv_138_100/VexiiRiscv_138_100_build/log/floorplan.log,4426
/nfs/share/home/tongliu/script-eval/build/VexiiRiscv_124_100/VexiiRiscv_124_100_build/log/chipfinish.log,2583
/nfs/share/home/tongliu/script-eval/build/VexiiRiscv_124_100/VexiiRiscv_124_100_build/log/route.log,16250
/nfs/share/home/tongliu/script-eval/build/VexiiRiscv_124_100/VexiiRiscv_124_100_build/log/placement.log,9909
/nfs/share/home/tongliu/script-eval/build/VexiiRiscv_124_100/VexiiRiscv_124_100_build/log/cts.log,10371
/nfs/share/home/tongliu/script-eval/build/VexiiRiscv_124_100/VexiiRiscv_124_100_build/log/read_rtl.log,36
/nfs/share/home/tongliu/script-eval/build/VexiiRiscv_124_100/VexiiRiscv_124_100_build/log/floorplan.log,2307
/nfs/share/home/tongliu/script-eval/build/VexiiRiscv_276_100/VexiiRiscv_276_100_build/log/chipfinish.log,5227
/nfs/share/home/tongliu/script-eval/build/VexiiRiscv_276_100/VexiiRiscv_276_100_build/log/route.log,52868
/nfs/share/home/tongliu/script-eval/build/VexiiRiscv_276_100/VexiiRiscv_276_100_build/log/placement.log,17654
/nfs/share/home/tongliu/script-eval/build/VexiiRiscv_276_100/VexiiRiscv_276_100_build/log/cts.log,30621
/nfs/share/home/tongliu/script-eval/build/VexiiRiscv_276_100/VexiiRiscv_276_100_build/log/read_rtl.log,63
/nfs/share/home/tongliu/script-eval/build/VexiiRiscv_276_100/VexiiRiscv_276_100_build/log/floorplan.log,3363
/nfs/share/home/tongliu/script-eval/build/VexiiRiscv_290_100/VexiiRiscv_290_100_build/log/chipfinish.log,1115
/nfs/share/home/tongliu/script-eval/build/VexiiRiscv_290_100/VexiiRiscv_290_100_build/log/route.log,6763
/nfs/share/home/tongliu/script-eval/build/VexiiRiscv_290_100/VexiiRiscv_290_100_build/log/placement.log,5550
/nfs/share/home/tongliu/script-eval/build/VexiiRiscv_290_100/VexiiRiscv_290_100_build/log/cts.log,5487
/nfs/share/home/tongliu/script-eval/build/VexiiRiscv_290_100/VexiiRiscv_290_100_build/log/read_rtl.log,26
/nfs/share/home/tongliu/script-eval/build/VexiiRiscv_290_100/VexiiRiscv_290_100_build/log/floorplan.log,1127
/nfs/share/home/tongliu/script-eval/build/VexiiRiscv_54_100/VexiiRiscv_54_100_build/log/chipfinish.log,1667
/nfs/share/home/tongliu/script-eval/build/VexiiRiscv_54_100/VexiiRiscv_54_100_build/log/route.log,10195
/nfs/share/home/tongliu/script-eval/build/VexiiRiscv_54_100/VexiiRiscv_54_100_build/log/placement.log,6373
/nfs/share/home/tongliu/script-eval/build/VexiiRiscv_54_100/VexiiRiscv_54_100_build/log/cts.log,91086
/nfs/share/home/tongliu/script-eval/build/VexiiRiscv_54_100/VexiiRiscv_54_100_build/log/read_rtl.log,180
/nfs/share/home/tongliu/script-eval/build/VexiiRiscv_54_100/VexiiRiscv_54_100_build/log/floorplan.log,1748
/nfs/share/home/tongliu/script-eval/build/VexiiRiscv_350_100/VexiiRiscv_350_100_build/log/chipfinish.log,2006
/nfs/share/home/tongliu/script-eval/build/VexiiRiscv_350_100/VexiiRiscv_350_100_build/log/route.log,12985
/nfs/share/home/tongliu/script-eval/build/VexiiRiscv_350_100/VexiiRiscv_350_100_build/log/placement.log,9377
/nfs/share/home/tongliu/script-eval/build/VexiiRiscv_350_100/VexiiRiscv_350_100_build/log/cts.log,8708
/nfs/share/home/tongliu/script-eval/build/VexiiRiscv_350_100/VexiiRiscv_350_100_build/log/read_rtl.log,70
/nfs/share/home/tongliu/script-eval/build/VexiiRiscv_350_100/VexiiRiscv_350_100_build/log/floorplan.log,2147
/nfs/share/home/tongliu/script-eval/build/VexiiRiscv_234_100/VexiiRiscv_234_100_build/log/chipfinish.log,3370
/nfs/share/home/tongliu/script-eval/build/VexiiRiscv_234_100/VexiiRiscv_234_100_build/log/route.log,24437
/nfs/share/home/tongliu/script-eval/build/VexiiRiscv_234_100/VexiiRiscv_234_100_build/log/placement.log,12613
/nfs/share/home/tongliu/script-eval/build/VexiiRiscv_234_100/VexiiRiscv_234_100_build/log/cts.log,12781
/nfs/share/home/tongliu/script-eval/build/VexiiRiscv_234_100/VexiiRiscv_234_100_build/log/read_rtl.log,135
/nfs/share/home/tongliu/script-eval/build/VexiiRiscv_234_100/VexiiRiscv_234_100_build/log/floorplan.log,3166
/nfs/share/home/tongliu/script-eval/build/VexiiRiscv_127_100/VexiiRiscv_127_100_build/log/chipfinish.log,20420
/nfs/share/home/tongliu/script-eval/build/VexiiRiscv_127_100/VexiiRiscv_127_100_build/log/route.log,124684
/nfs/share/home/tongliu/script-eval/build/VexiiRiscv_127_100/VexiiRiscv_127_100_build/log/placement.log,72367
/nfs/share/home/tongliu/script-eval/build/VexiiRiscv_127_100/VexiiRiscv_127_100_build/log/cts.log,129474
/nfs/share/home/tongliu/script-eval/build/VexiiRiscv_127_100/VexiiRiscv_127_100_build/log/read_rtl.log,564
/nfs/share/home/tongliu/script-eval/build/VexiiRiscv_127_100/VexiiRiscv_127_100_build/log/floorplan.log,17413
/nfs/share/home/tongliu/script-eval/build/VexiiRiscv_253_100/VexiiRiscv_253_100_build/log/chipfinish.log,3167
/nfs/share/home/tongliu/script-eval/build/VexiiRiscv_253_100/VexiiRiscv_253_100_build/log/route.log,22153
/nfs/share/home/tongliu/script-eval/build/VexiiRiscv_253_100/VexiiRiscv_253_100_build/log/placement.log,12742
/nfs/share/home/tongliu/script-eval/build/VexiiRiscv_253_100/VexiiRiscv_253_100_build/log/cts.log,13040
/nfs/share/home/tongliu/script-eval/build/VexiiRiscv_253_100/VexiiRiscv_253_100_build/log/read_rtl.log,59
/nfs/share/home/tongliu/script-eval/build/VexiiRiscv_253_100/VexiiRiscv_253_100_build/log/floorplan.log,2644
/nfs/share/home/tongliu/script-eval/build/VexiiRiscv_152_100/VexiiRiscv_152_100_build/log/chipfinish.log,5798
/nfs/share/home/tongliu/script-eval/build/VexiiRiscv_152_100/VexiiRiscv_152_100_build/log/route.log,63506
/nfs/share/home/tongliu/script-eval/build/VexiiRiscv_152_100/VexiiRiscv_152_100_build/log/placement.log,18083
/nfs/share/home/tongliu/script-eval/build/VexiiRiscv_152_100/VexiiRiscv_152_100_build/log/cts.log,37099
/nfs/share/home/tongliu/script-eval/build/VexiiRiscv_152_100/VexiiRiscv_152_100_build/log/read_rtl.log,73
/nfs/share/home/tongliu/script-eval/build/VexiiRiscv_152_100/VexiiRiscv_152_100_build/log/floorplan.log,4061
/nfs/share/home/tongliu/script-eval/build/VexiiRiscv_372_100/VexiiRiscv_372_100_build/log/chipfinish.log,475
/nfs/share/home/tongliu/script-eval/build/VexiiRiscv_372_100/VexiiRiscv_372_100_build/log/route.log,2470
/nfs/share/home/tongliu/script-eval/build/VexiiRiscv_372_100/VexiiRiscv_372_100_build/log/placement.log,2916
/nfs/share/home/tongliu/script-eval/build/VexiiRiscv_372_100/VexiiRiscv_372_100_build/log/cts.log,3112
/nfs/share/home/tongliu/script-eval/build/VexiiRiscv_372_100/VexiiRiscv_372_100_build/log/read_rtl.log,21
/nfs/share/home/tongliu/script-eval/build/VexiiRiscv_372_100/VexiiRiscv_372_100_build/log/floorplan.log,662
/nfs/share/home/tongliu/script-eval/build/VexiiRiscv_399_100/VexiiRiscv_399_100_build/log/placement.log,24642
/nfs/share/home/tongliu/script-eval/build/VexiiRiscv_399_100/VexiiRiscv_399_100_build/log/read_rtl.log,268
/nfs/share/home/tongliu/script-eval/build/VexiiRiscv_399_100/VexiiRiscv_399_100_build/log/floorplan.log,4925
/nfs/share/home/tongliu/script-eval/build/VexiiRiscv_363_100/VexiiRiscv_363_100_build/log/placement.log,26976
/nfs/share/home/tongliu/script-eval/build/VexiiRiscv_363_100/VexiiRiscv_363_100_build/log/cts.log,43188
/nfs/share/home/tongliu/script-eval/build/VexiiRiscv_363_100/VexiiRiscv_363_100_build/log/read_rtl.log,235
/nfs/share/home/tongliu/script-eval/build/VexiiRiscv_363_100/VexiiRiscv_363_100_build/log/floorplan.log,5650
/nfs/share/home/tongliu/script-eval/build/VexiiRiscv_40_100/VexiiRiscv_40_100_build/log/chipfinish.log,3204
/nfs/share/home/tongliu/script-eval/build/VexiiRiscv_40_100/VexiiRiscv_40_100_build/log/route.log,22898
/nfs/share/home/tongliu/script-eval/build/VexiiRiscv_40_100/VexiiRiscv_40_100_build/log/placement.log,12012
/nfs/share/home/tongliu/script-eval/build/VexiiRiscv_40_100/VexiiRiscv_40_100_build/log/cts.log,13799
/nfs/share/home/tongliu/script-eval/build/VexiiRiscv_40_100/VexiiRiscv_40_100_build/log/read_rtl.log,126
/nfs/share/home/tongliu/script-eval/build/VexiiRiscv_40_100/VexiiRiscv_40_100_build/log/floorplan.log,2796
/nfs/share/home/tongliu/script-eval/build/VexiiRiscv_178_100/VexiiRiscv_178_100_build/log/chipfinish.log,348
/nfs/share/home/tongliu/script-eval/build/VexiiRiscv_178_100/VexiiRiscv_178_100_build/log/route.log,1936
/nfs/share/home/tongliu/script-eval/build/VexiiRiscv_178_100/VexiiRiscv_178_100_build/log/placement.log,2224
/nfs/share/home/tongliu/script-eval/build/VexiiRiscv_178_100/VexiiRiscv_178_100_build/log/cts.log,1957
/nfs/share/home/tongliu/script-eval/build/VexiiRiscv_178_100/VexiiRiscv_178_100_build/log/read_rtl.log,21
/nfs/share/home/tongliu/script-eval/build/VexiiRiscv_178_100/VexiiRiscv_178_100_build/log/floorplan.log,507
/nfs/share/home/tongliu/script-eval/build/VexiiRiscv_255_100/VexiiRiscv_255_100_build/log/chipfinish.log,2517
/nfs/share/home/tongliu/script-eval/build/VexiiRiscv_255_100/VexiiRiscv_255_100_build/log/route.log,16095
/nfs/share/home/tongliu/script-eval/build/VexiiRiscv_255_100/VexiiRiscv_255_100_build/log/placement.log,10300
/nfs/share/home/tongliu/script-eval/build/VexiiRiscv_255_100/VexiiRiscv_255_100_build/log/cts.log,10814
/nfs/share/home/tongliu/script-eval/build/VexiiRiscv_255_100/VexiiRiscv_255_100_build/log/read_rtl.log,114
/nfs/share/home/tongliu/script-eval/build/VexiiRiscv_255_100/VexiiRiscv_255_100_build/log/floorplan.log,2349
/nfs/share/home/tongliu/script-eval/build/VexiiRiscv_346_100/VexiiRiscv_346_100_build/log/chipfinish.log,1940
/nfs/share/home/tongliu/script-eval/build/VexiiRiscv_346_100/VexiiRiscv_346_100_build/log/route.log,12945
/nfs/share/home/tongliu/script-eval/build/VexiiRiscv_346_100/VexiiRiscv_346_100_build/log/placement.log,9209
/nfs/share/home/tongliu/script-eval/build/VexiiRiscv_346_100/VexiiRiscv_346_100_build/log/cts.log,8861
/nfs/share/home/tongliu/script-eval/build/VexiiRiscv_346_100/VexiiRiscv_346_100_build/log/read_rtl.log,99
/nfs/share/home/tongliu/script-eval/build/VexiiRiscv_346_100/VexiiRiscv_346_100_build/log/floorplan.log,2021
/nfs/share/home/tongliu/script-eval/build/VexiiRiscv_393_100/VexiiRiscv_393_100_build/log/placement.log,8942
/nfs/share/home/tongliu/script-eval/build/VexiiRiscv_393_100/VexiiRiscv_393_100_build/log/read_rtl.log,203
/nfs/share/home/tongliu/script-eval/build/VexiiRiscv_393_100/VexiiRiscv_393_100_build/log/floorplan.log,2146
/nfs/share/home/tongliu/script-eval/build/VexiiRiscv_398_100/VexiiRiscv_398_100_build/log/chipfinish.log,2215
/nfs/share/home/tongliu/script-eval/build/VexiiRiscv_398_100/VexiiRiscv_398_100_build/log/route.log,15479
/nfs/share/home/tongliu/script-eval/build/VexiiRiscv_398_100/VexiiRiscv_398_100_build/log/placement.log,10052
/nfs/share/home/tongliu/script-eval/build/VexiiRiscv_398_100/VexiiRiscv_398_100_build/log/cts.log,10805
/nfs/share/home/tongliu/script-eval/build/VexiiRiscv_398_100/VexiiRiscv_398_100_build/log/read_rtl.log,111
/nfs/share/home/tongliu/script-eval/build/VexiiRiscv_398_100/VexiiRiscv_398_100_build/log/floorplan.log,2211
/nfs/share/home/tongliu/script-eval/build/VexiiRiscv_28_100/VexiiRiscv_28_100_build/log/chipfinish.log,7517
/nfs/share/home/tongliu/script-eval/build/VexiiRiscv_28_100/VexiiRiscv_28_100_build/log/route.log,190376
/nfs/share/home/tongliu/script-eval/build/VexiiRiscv_28_100/VexiiRiscv_28_100_build/log/placement.log,27311
/nfs/share/home/tongliu/script-eval/build/VexiiRiscv_28_100/VexiiRiscv_28_100_build/log/cts.log,71585
/nfs/share/home/tongliu/script-eval/build/VexiiRiscv_28_100/VexiiRiscv_28_100_build/log/read_rtl.log,153
/nfs/share/home/tongliu/script-eval/build/VexiiRiscv_28_100/VexiiRiscv_28_100_build/log/floorplan.log,4382
/nfs/share/home/tongliu/script-eval/build/VexiiRiscv_166_100/VexiiRiscv_166_100_build/log/chipfinish.log,2497
/nfs/share/home/tongliu/script-eval/build/VexiiRiscv_166_100/VexiiRiscv_166_100_build/log/route.log,17118
/nfs/share/home/tongliu/script-eval/build/VexiiRiscv_166_100/VexiiRiscv_166_100_build/log/placement.log,10647
/nfs/share/home/tongliu/script-eval/build/VexiiRiscv_166_100/VexiiRiscv_166_100_build/log/cts.log,11092
/nfs/share/home/tongliu/script-eval/build/VexiiRiscv_166_100/VexiiRiscv_166_100_build/log/read_rtl.log,123
/nfs/share/home/tongliu/script-eval/build/VexiiRiscv_166_100/VexiiRiscv_166_100_build/log/floorplan.log,2717
/nfs/share/home/tongliu/script-eval/build/VexiiRiscv_250_100/VexiiRiscv_250_100_build/log/chipfinish.log,552
/nfs/share/home/tongliu/script-eval/build/VexiiRiscv_250_100/VexiiRiscv_250_100_build/log/route.log,3752
/nfs/share/home/tongliu/script-eval/build/VexiiRiscv_250_100/VexiiRiscv_250_100_build/log/placement.log,3291
/nfs/share/home/tongliu/script-eval/build/VexiiRiscv_250_100/VexiiRiscv_250_100_build/log/cts.log,3136
/nfs/share/home/tongliu/script-eval/build/VexiiRiscv_250_100/VexiiRiscv_250_100_build/log/read_rtl.log,21
/nfs/share/home/tongliu/script-eval/build/VexiiRiscv_250_100/VexiiRiscv_250_100_build/log/floorplan.log,796
/nfs/share/home/tongliu/script-eval/build/VexiiRiscv_75_100/VexiiRiscv_75_100_build/log/chipfinish.log,2069
/nfs/share/home/tongliu/script-eval/build/VexiiRiscv_75_100/VexiiRiscv_75_100_build/log/route.log,14026
/nfs/share/home/tongliu/script-eval/build/VexiiRiscv_75_100/VexiiRiscv_75_100_build/log/placement.log,8047
/nfs/share/home/tongliu/script-eval/build/VexiiRiscv_75_100/VexiiRiscv_75_100_build/log/cts.log,8160
/nfs/share/home/tongliu/script-eval/build/VexiiRiscv_75_100/VexiiRiscv_75_100_build/log/read_rtl.log,103
/nfs/share/home/tongliu/script-eval/build/VexiiRiscv_75_100/VexiiRiscv_75_100_build/log/floorplan.log,2047
/nfs/share/home/tongliu/script-eval/build/VexiiRiscv_342_100/VexiiRiscv_342_100_build/log/chipfinish.log,2532
/nfs/share/home/tongliu/script-eval/build/VexiiRiscv_342_100/VexiiRiscv_342_100_build/log/route.log,17544
/nfs/share/home/tongliu/script-eval/build/VexiiRiscv_342_100/VexiiRiscv_342_100_build/log/placement.log,10815
/nfs/share/home/tongliu/script-eval/build/VexiiRiscv_342_100/VexiiRiscv_342_100_build/log/cts.log,11879
/nfs/share/home/tongliu/script-eval/build/VexiiRiscv_342_100/VexiiRiscv_342_100_build/log/read_rtl.log,35
/nfs/share/home/tongliu/script-eval/build/VexiiRiscv_342_100/VexiiRiscv_342_100_build/log/floorplan.log,2294
/nfs/share/home/tongliu/script-eval/build/VexiiRiscv_298_100/VexiiRiscv_298_100_build/log/chipfinish.log,9013
/nfs/share/home/tongliu/script-eval/build/VexiiRiscv_298_100/VexiiRiscv_298_100_build/log/route.log,56066
/nfs/share/home/tongliu/script-eval/build/VexiiRiscv_298_100/VexiiRiscv_298_100_build/log/placement.log,36345
/nfs/share/home/tongliu/script-eval/build/VexiiRiscv_298_100/VexiiRiscv_298_100_build/log/cts.log,49413
/nfs/share/home/tongliu/script-eval/build/VexiiRiscv_298_100/VexiiRiscv_298_100_build/log/read_rtl.log,77
/nfs/share/home/tongliu/script-eval/build/VexiiRiscv_298_100/VexiiRiscv_298_100_build/log/floorplan.log,6994
/nfs/share/home/tongliu/script-eval/build/VexiiRiscv_143_100/VexiiRiscv_143_100_build/log/chipfinish.log,2454
/nfs/share/home/tongliu/script-eval/build/VexiiRiscv_143_100/VexiiRiscv_143_100_build/log/route.log,16101
/nfs/share/home/tongliu/script-eval/build/VexiiRiscv_143_100/VexiiRiscv_143_100_build/log/placement.log,8716
/nfs/share/home/tongliu/script-eval/build/VexiiRiscv_143_100/VexiiRiscv_143_100_build/log/cts.log,20132
/nfs/share/home/tongliu/script-eval/build/VexiiRiscv_143_100/VexiiRiscv_143_100_build/log/read_rtl.log,189
/nfs/share/home/tongliu/script-eval/build/VexiiRiscv_143_100/VexiiRiscv_143_100_build/log/floorplan.log,2251
/nfs/share/home/tongliu/script-eval/build/VexiiRiscv_304_100/VexiiRiscv_304_100_build/log/chipfinish.log,2858
/nfs/share/home/tongliu/script-eval/build/VexiiRiscv_304_100/VexiiRiscv_304_100_build/log/route.log,18051
/nfs/share/home/tongliu/script-eval/build/VexiiRiscv_304_100/VexiiRiscv_304_100_build/log/placement.log,11273
/nfs/share/home/tongliu/script-eval/build/VexiiRiscv_304_100/VexiiRiscv_304_100_build/log/cts.log,18306
/nfs/share/home/tongliu/script-eval/build/VexiiRiscv_304_100/VexiiRiscv_304_100_build/log/read_rtl.log,227
/nfs/share/home/tongliu/script-eval/build/VexiiRiscv_304_100/VexiiRiscv_304_100_build/log/floorplan.log,2688
/nfs/share/home/tongliu/script-eval/build/VexiiRiscv_191_100/VexiiRiscv_191_100_build/log/chipfinish.log,3138
/nfs/share/home/tongliu/script-eval/build/VexiiRiscv_191_100/VexiiRiscv_191_100_build/log/route.log,20308
/nfs/share/home/tongliu/script-eval/build/VexiiRiscv_191_100/VexiiRiscv_191_100_build/log/placement.log,13420
/nfs/share/home/tongliu/script-eval/build/VexiiRiscv_191_100/VexiiRiscv_191_100_build/log/cts.log,12682
/nfs/share/home/tongliu/script-eval/build/VexiiRiscv_191_100/VexiiRiscv_191_100_build/log/read_rtl.log,466
/nfs/share/home/tongliu/script-eval/build/VexiiRiscv_191_100/VexiiRiscv_191_100_build/log/floorplan.log,3913
/nfs/share/home/tongliu/script-eval/build/VexiiRiscv_13_100/VexiiRiscv_13_100_build/log/chipfinish.log,3544
/nfs/share/home/tongliu/script-eval/build/VexiiRiscv_13_100/VexiiRiscv_13_100_build/log/route.log,22623
/nfs/share/home/tongliu/script-eval/build/VexiiRiscv_13_100/VexiiRiscv_13_100_build/log/placement.log,11310
/nfs/share/home/tongliu/script-eval/build/VexiiRiscv_13_100/VexiiRiscv_13_100_build/log/cts.log,24000
/nfs/share/home/tongliu/script-eval/build/VexiiRiscv_13_100/VexiiRiscv_13_100_build/log/read_rtl.log,215
/nfs/share/home/tongliu/script-eval/build/VexiiRiscv_13_100/VexiiRiscv_13_100_build/log/floorplan.log,2868
/nfs/share/home/tongliu/script-eval/build/VexiiRiscv_211_100/VexiiRiscv_211_100_build/log/chipfinish.log,1948
/nfs/share/home/tongliu/script-eval/build/VexiiRiscv_211_100/VexiiRiscv_211_100_build/log/route.log,13228
/nfs/share/home/tongliu/script-eval/build/VexiiRiscv_211_100/VexiiRiscv_211_100_build/log/placement.log,9011
/nfs/share/home/tongliu/script-eval/build/VexiiRiscv_211_100/VexiiRiscv_211_100_build/log/cts.log,8907
/nfs/share/home/tongliu/script-eval/build/VexiiRiscv_211_100/VexiiRiscv_211_100_build/log/read_rtl.log,404
/nfs/share/home/tongliu/script-eval/build/VexiiRiscv_211_100/VexiiRiscv_211_100_build/log/floorplan.log,3431
/nfs/share/home/tongliu/script-eval/build/VexiiRiscv_66_100/VexiiRiscv_66_100_build/log/chipfinish.log,2361
/nfs/share/home/tongliu/script-eval/build/VexiiRiscv_66_100/VexiiRiscv_66_100_build/log/route.log,19420
/nfs/share/home/tongliu/script-eval/build/VexiiRiscv_66_100/VexiiRiscv_66_100_build/log/placement.log,8941
/nfs/share/home/tongliu/script-eval/build/VexiiRiscv_66_100/VexiiRiscv_66_100_build/log/cts.log,25811
/nfs/share/home/tongliu/script-eval/build/VexiiRiscv_66_100/VexiiRiscv_66_100_build/log/read_rtl.log,182
/nfs/share/home/tongliu/script-eval/build/VexiiRiscv_66_100/VexiiRiscv_66_100_build/log/floorplan.log,2378
/nfs/share/home/tongliu/script-eval/build/VexiiRiscv_118_100/VexiiRiscv_118_100_build/log/chipfinish.log,792
/nfs/share/home/tongliu/script-eval/build/VexiiRiscv_118_100/VexiiRiscv_118_100_build/log/route.log,4884
/nfs/share/home/tongliu/script-eval/build/VexiiRiscv_118_100/VexiiRiscv_118_100_build/log/placement.log,4086
/nfs/share/home/tongliu/script-eval/build/VexiiRiscv_118_100/VexiiRiscv_118_100_build/log/cts.log,4304
/nfs/share/home/tongliu/script-eval/build/VexiiRiscv_118_100/VexiiRiscv_118_100_build/log/read_rtl.log,23
/nfs/share/home/tongliu/script-eval/build/VexiiRiscv_118_100/VexiiRiscv_118_100_build/log/floorplan.log,881
/nfs/share/home/tongliu/script-eval/build/VexiiRiscv_179_100/VexiiRiscv_179_100_build/log/chipfinish.log,17364
/nfs/share/home/tongliu/script-eval/build/VexiiRiscv_179_100/VexiiRiscv_179_100_build/log/route.log,110695
/nfs/share/home/tongliu/script-eval/build/VexiiRiscv_179_100/VexiiRiscv_179_100_build/log/placement.log,58227
/nfs/share/home/tongliu/script-eval/build/VexiiRiscv_179_100/VexiiRiscv_179_100_build/log/cts.log,63298
/nfs/share/home/tongliu/script-eval/build/VexiiRiscv_179_100/VexiiRiscv_179_100_build/log/read_rtl.log,432
/nfs/share/home/tongliu/script-eval/build/VexiiRiscv_179_100/VexiiRiscv_179_100_build/log/floorplan.log,13477
/nfs/share/home/tongliu/script-eval/build/VexiiRiscv_261_100/VexiiRiscv_261_100_build/log/chipfinish.log,2065
/nfs/share/home/tongliu/script-eval/build/VexiiRiscv_261_100/VexiiRiscv_261_100_build/log/route.log,14569
/nfs/share/home/tongliu/script-eval/build/VexiiRiscv_261_100/VexiiRiscv_261_100_build/log/placement.log,10133
/nfs/share/home/tongliu/script-eval/build/VexiiRiscv_261_100/VexiiRiscv_261_100_build/log/cts.log,10505
/nfs/share/home/tongliu/script-eval/build/VexiiRiscv_261_100/VexiiRiscv_261_100_build/log/read_rtl.log,110
/nfs/share/home/tongliu/script-eval/build/VexiiRiscv_261_100/VexiiRiscv_261_100_build/log/floorplan.log,2154
/nfs/share/home/tongliu/script-eval/build/VexiiRiscv_82_100/VexiiRiscv_82_100_build/log/chipfinish.log,1911
/nfs/share/home/tongliu/script-eval/build/VexiiRiscv_82_100/VexiiRiscv_82_100_build/log/route.log,11408
/nfs/share/home/tongliu/script-eval/build/VexiiRiscv_82_100/VexiiRiscv_82_100_build/log/placement.log,8452
/nfs/share/home/tongliu/script-eval/build/VexiiRiscv_82_100/VexiiRiscv_82_100_build/log/cts.log,8393
/nfs/share/home/tongliu/script-eval/build/VexiiRiscv_82_100/VexiiRiscv_82_100_build/log/read_rtl.log,365
/nfs/share/home/tongliu/script-eval/build/VexiiRiscv_82_100/VexiiRiscv_82_100_build/log/floorplan.log,3165
/nfs/share/home/tongliu/script-eval/build/VexiiRiscv_48_100/VexiiRiscv_48_100_build/log/chipfinish.log,1162
/nfs/share/home/tongliu/script-eval/build/VexiiRiscv_48_100/VexiiRiscv_48_100_build/log/route.log,7645
/nfs/share/home/tongliu/script-eval/build/VexiiRiscv_48_100/VexiiRiscv_48_100_build/log/placement.log,5141
/nfs/share/home/tongliu/script-eval/build/VexiiRiscv_48_100/VexiiRiscv_48_100_build/log/cts.log,5169
/nfs/share/home/tongliu/script-eval/build/VexiiRiscv_48_100/VexiiRiscv_48_100_build/log/read_rtl.log,30
/nfs/share/home/tongliu/script-eval/build/VexiiRiscv_48_100/VexiiRiscv_48_100_build/log/floorplan.log,1110
/nfs/share/home/tongliu/script-eval/build/VexiiRiscv_190_100/VexiiRiscv_190_100_build/log/chipfinish.log,1773
/nfs/share/home/tongliu/script-eval/build/VexiiRiscv_190_100/VexiiRiscv_190_100_build/log/route.log,12592
/nfs/share/home/tongliu/script-eval/build/VexiiRiscv_190_100/VexiiRiscv_190_100_build/log/placement.log,7682
/nfs/share/home/tongliu/script-eval/build/VexiiRiscv_190_100/VexiiRiscv_190_100_build/log/cts.log,91449
/nfs/share/home/tongliu/script-eval/build/VexiiRiscv_190_100/VexiiRiscv_190_100_build/log/read_rtl.log,178
/nfs/share/home/tongliu/script-eval/build/VexiiRiscv_190_100/VexiiRiscv_190_100_build/log/floorplan.log,1636
/nfs/share/home/tongliu/script-eval/build/VexiiRiscv_171_100/VexiiRiscv_171_100_build/log/chipfinish.log,1593
/nfs/share/home/tongliu/script-eval/build/VexiiRiscv_171_100/VexiiRiscv_171_100_build/log/route.log,11791
/nfs/share/home/tongliu/script-eval/build/VexiiRiscv_171_100/VexiiRiscv_171_100_build/log/placement.log,6305
/nfs/share/home/tongliu/script-eval/build/VexiiRiscv_171_100/VexiiRiscv_171_100_build/log/cts.log,106289
/nfs/share/home/tongliu/script-eval/build/VexiiRiscv_171_100/VexiiRiscv_171_100_build/log/read_rtl.log,180
/nfs/share/home/tongliu/script-eval/build/VexiiRiscv_171_100/VexiiRiscv_171_100_build/log/floorplan.log,1620
/nfs/share/home/tongliu/script-eval/build/VexiiRiscv_145_100/VexiiRiscv_145_100_build/log/chipfinish.log,2581
/nfs/share/home/tongliu/script-eval/build/VexiiRiscv_145_100/VexiiRiscv_145_100_build/log/route.log,18318
/nfs/share/home/tongliu/script-eval/build/VexiiRiscv_145_100/VexiiRiscv_145_100_build/log/placement.log,8788
/nfs/share/home/tongliu/script-eval/build/VexiiRiscv_145_100/VexiiRiscv_145_100_build/log/cts.log,11825
/nfs/share/home/tongliu/script-eval/build/VexiiRiscv_145_100/VexiiRiscv_145_100_build/log/read_rtl.log,37
/nfs/share/home/tongliu/script-eval/build/VexiiRiscv_145_100/VexiiRiscv_145_100_build/log/floorplan.log,2267
/nfs/share/home/tongliu/script-eval/build/VexiiRiscv_241_100/VexiiRiscv_241_100_build/log/chipfinish.log,3793
/nfs/share/home/tongliu/script-eval/build/VexiiRiscv_241_100/VexiiRiscv_241_100_build/log/route.log,26068
/nfs/share/home/tongliu/script-eval/build/VexiiRiscv_241_100/VexiiRiscv_241_100_build/log/placement.log,15860
/nfs/share/home/tongliu/script-eval/build/VexiiRiscv_241_100/VexiiRiscv_241_100_build/log/cts.log,18165
/nfs/share/home/tongliu/script-eval/build/VexiiRiscv_241_100/VexiiRiscv_241_100_build/log/read_rtl.log,136
/nfs/share/home/tongliu/script-eval/build/VexiiRiscv_241_100/VexiiRiscv_241_100_build/log/floorplan.log,3851
/nfs/share/home/tongliu/script-eval/build/VexiiRiscv_400_100/VexiiRiscv_400_100_build/log/placement.log,15056
/nfs/share/home/tongliu/script-eval/build/VexiiRiscv_400_100/VexiiRiscv_400_100_build/log/read_rtl.log,131
/nfs/share/home/tongliu/script-eval/build/VexiiRiscv_400_100/VexiiRiscv_400_100_build/log/floorplan.log,3490
/nfs/share/home/tongliu/script-eval/build/VexiiRiscv_29_100/VexiiRiscv_29_100_build/log/chipfinish.log,1571
/nfs/share/home/tongliu/script-eval/build/VexiiRiscv_29_100/VexiiRiscv_29_100_build/log/route.log,11089
/nfs/share/home/tongliu/script-eval/build/VexiiRiscv_29_100/VexiiRiscv_29_100_build/log/placement.log,6896
/nfs/share/home/tongliu/script-eval/build/VexiiRiscv_29_100/VexiiRiscv_29_100_build/log/cts.log,7226
/nfs/share/home/tongliu/script-eval/build/VexiiRiscv_29_100/VexiiRiscv_29_100_build/log/read_rtl.log,36
/nfs/share/home/tongliu/script-eval/build/VexiiRiscv_29_100/VexiiRiscv_29_100_build/log/floorplan.log,1699
/nfs/share/home/tongliu/script-eval/build/VexiiRiscv_286_100/VexiiRiscv_286_100_build/log/chipfinish.log,8907
/nfs/share/home/tongliu/script-eval/build/VexiiRiscv_286_100/VexiiRiscv_286_100_build/log/route.log,51424
/nfs/share/home/tongliu/script-eval/build/VexiiRiscv_286_100/VexiiRiscv_286_100_build/log/placement.log,34633
/nfs/share/home/tongliu/script-eval/build/VexiiRiscv_286_100/VexiiRiscv_286_100_build/log/cts.log,31809
/nfs/share/home/tongliu/script-eval/build/VexiiRiscv_286_100/VexiiRiscv_286_100_build/log/read_rtl.log,78
/nfs/share/home/tongliu/script-eval/build/VexiiRiscv_286_100/VexiiRiscv_286_100_build/log/floorplan.log,6583
/nfs/share/home/tongliu/script-eval/build/VexiiRiscv_352_100/VexiiRiscv_352_100_build/log/chipfinish.log,3393
/nfs/share/home/tongliu/script-eval/build/VexiiRiscv_352_100/VexiiRiscv_352_100_build/log/route.log,20935
/nfs/share/home/tongliu/script-eval/build/VexiiRiscv_352_100/VexiiRiscv_352_100_build/log/placement.log,12335
/nfs/share/home/tongliu/script-eval/build/VexiiRiscv_352_100/VexiiRiscv_352_100_build/log/cts.log,31640
/nfs/share/home/tongliu/script-eval/build/VexiiRiscv_352_100/VexiiRiscv_352_100_build/log/read_rtl.log,208
/nfs/share/home/tongliu/script-eval/build/VexiiRiscv_352_100/VexiiRiscv_352_100_build/log/floorplan.log,2990
